institution;period;euro;doi;is_hybrid;publisher;journal_full_title;issn;issn_print;issn_electronic;issn_l;license_ref;indexed_in_crossref;pmid;pmcid;ut;url;doaj;agreement
Dublin City University;2025;;10.1145/3778861;TRUE;;;;;;;;;;;;;;IReL ACM Agreement
Maynooth University;2025;;10.1145/3785152;FALSE;;;;;;;;;;;;;;IReL ACM Agreement
Trinity College Dublin;2025;;10.1063/5.0301543;TRUE;;;;;;;;;;;;;;IReL AIP Agreement
University College Cork;2025;;10.1136/ejhpharm-2025-004788;TRUE;;;;;;;;;;;;;;IReL BMJ Agreement
Trinity College Dublin;2025;;10.1016/j.str.2025.11.003;TRUE;;;;;;;;;;;;;;IReL Cell Press Agreement
Trinity College Dublin;2025;;10.1016/j.str.2025.10.014;TRUE;;;;;;;;;;;;;;IReL Cell Press Agreement
Trinity College Dublin;2025;;10.1016/j.neuron.2025.10.006;TRUE;;;;;;;;;;;;;;IReL Cell Press Agreement
Maynooth University;2025;;10.1017/s1574019625100898;FALSE;;;;;;;;;;;;;;IReL CUP Agreement
Maynooth University;2025;;10.1017/dap.2025.10050;FALSE;;;;;;;;;;;;;;IReL CUP Agreement
Munster Technological University;2025;;10.1017/s0029665125102048;TRUE;;;;;;;;;;;;;;IReL CUP Agreement
Royal College of Surgeons in Ireland;2025;;10.1192/bjp.2025.10476;TRUE;;;;;;;;;;;;;;IReL CUP Agreement
Royal College of Surgeons in Ireland;2025;;10.1017/ipm.2025.10122;TRUE;;;;;;;;;;;;;;IReL CUP Agreement
Royal College of Surgeons in Ireland;2025;;10.1017/ipm.2025.10146;TRUE;;;;;;;;;;;;;;IReL CUP Agreement
Royal College of Surgeons in Ireland;2025;;10.1017/s0022215125104052;TRUE;;;;;;;;;;;;;;IReL CUP Agreement
Trinity College Dublin;2025;;10.1017/cfl.2025.10023;FALSE;;;;;;;;;;;;;;IReL CUP Agreement
Trinity College Dublin;2025;;10.1017/ihs.2025.10089;FALSE;;;;;;;;;;;;;;IReL CUP Agreement
Trinity College Dublin;2025;;10.1017/ipm.2025.10144;TRUE;;;;;;;;;;;;;;IReL CUP Agreement
Trinity College Dublin;2025;;10.1017/bhj.2025.10039;FALSE;;;;;;;;;;;;;;IReL CUP Agreement
Trinity College Dublin;2025;;10.1017/ipm.2025.10142;TRUE;;;;;;;;;;;;;;IReL CUP Agreement
Trinity College Dublin;2025;;10.1017/ipm.2025.10135;TRUE;;;;;;;;;;;;;;IReL CUP Agreement
Trinity College Dublin;2025;;10.1017/gmh.2025.10111;FALSE;;;;;;;;;;;;;;IReL CUP Agreement
Trinity College Dublin;2025;;10.1017/gmh.2025.10108;FALSE;;;;;;;;;;;;;;IReL CUP Agreement
Trinity College Dublin;2025;;10.1017/s147895152510120x;FALSE;;;;;;;;;;;;;;IReL CUP Agreement
Trinity College Dublin;2025;;10.1017/ipm.2025.10143;TRUE;;;;;;;;;;;;;;IReL CUP Agreement
University College Cork;2025;;10.1017/ash.2025.10253;FALSE;;;;;;;;;;;;;;IReL CUP Agreement
University College Cork;2025;;10.1017/ipm.2025.10134;TRUE;;;;;;;;;;;;;;IReL CUP Agreement
University College Cork;2024;;10.1017/tmd.2024.13;TRUE;;;;;;;;;;;;;;IReL CUP Agreement
University College Dublin;2025;;10.1017/s0003975625100131;TRUE;;;;;;;;;;;;;;IReL CUP Agreement
University College Dublin;2025;;10.4153/s0008414x25101806;TRUE;;;;;;;;;;;;;;IReL CUP Agreement
University College Dublin;2025;;10.1017/ipm.2025.10158;TRUE;;;;;;;;;;;;;;IReL CUP Agreement
University College Dublin;2025;;10.1017/ipm.2025.10141;TRUE;;;;;;;;;;;;;;IReL CUP Agreement
University College Dublin;2025;;10.1017/hyp.2025.10042;TRUE;;;;;;;;;;;;;;IReL CUP Agreement
University College Dublin;2025;;10.1017/rqx.2025.10279;TRUE;;;;;;;;;;;;;;IReL CUP Agreement
University College Dublin;2025;;10.1017/s1740022825100181;FALSE;;;;;;;;;;;;;;IReL CUP Agreement
University College Dublin;2025;;10.1017/ipm.2025.10166;TRUE;;;;;;;;;;;;;;IReL CUP Agreement
University College Dublin;2025;;10.1017/eaa.2025.10031;FALSE;;;;;;;;;;;;;;IReL CUP Agreement
University College Dublin;2025;;10.1017/ipm.2025.10153;TRUE;;;;;;;;;;;;;;IReL CUP Agreement
University College Dublin;2025;;10.1017/s0029665125102073;TRUE;;;;;;;;;;;;;;IReL CUP Agreement
University of Galway;2025;;10.1017/s0967199425100221;TRUE;;;;;;;;;;;;;;IReL CUP Agreement
University of Galway;2025;;10.1017/s0022215125103782;TRUE;;;;;;;;;;;;;;IReL CUP Agreement
University of Galway;2025;;10.1017/s0266462325103334;FALSE;;;;;;;;;;;;;;IReL CUP Agreement
University of Limerick;2025;;10.1017/jfm.2025.10948;TRUE;;;;;;;;;;;;;;IReL CUP Agreement
University of Limerick;2025;;10.1017/s0047404525101802;FALSE;;;;;;;;;;;;;;IReL CUP Agreement
University of Limerick;2025;;10.1017/arh.2025.10044;TRUE;;;;;;;;;;;;;;IReL CUP Agreement
Dublin City University;2025;;10.1108/ijcma-08-2025-0273;TRUE;;;;;;;;;;;;;;IReL Emerald Agreement
Technological University Dublin;2025;;10.1108/jwl-05-2025-0149;TRUE;;;;;;;;;;;;;;IReL Emerald Agreement
Trinity College Dublin;2025;;10.1108/aia-10-2025-0105;TRUE;;;;;;;;;;;;;;IReL Emerald Agreement
Trinity College Dublin;2025;;10.1108/ijhcqa-06-2025-0077;TRUE;;;;;;;;;;;;;;IReL Emerald Agreement
University College Cork;2025;;10.1108/ijmce-01-2025-0008;TRUE;;;;;;;;;;;;;;IReL Emerald Agreement
University College Cork;2025;;10.1108/bfj-05-2025-0682;TRUE;;;;;;;;;;;;;;IReL Emerald Agreement
University College Cork;2025;;10.1108/jwl-03-2025-0083;TRUE;;;;;;;;;;;;;;IReL Emerald Agreement
University College Dublin;2025;;10.1108/he-08-2025-0134;TRUE;;;;;;;;;;;;;;IReL Emerald Agreement
University College Dublin;2025;;10.1108/jkm-05-2025-0751;TRUE;;;;;;;;;;;;;;IReL Emerald Agreement
University of Galway;2025;;10.1108/jhtt-11-2024-0720;TRUE;;;;;;;;;;;;;;IReL Emerald Agreement
University of Galway;2025;;10.1108/bfj-03-2025-0317;TRUE;;;;;;;;;;;;;;IReL Emerald Agreement
Dublin City University;2025;;10.1109/tcc.2025.3634737;TRUE;;;;;;;;;;;;;;IReL IEEE Agreement
Dublin City University;2025;;10.1109/ojcoms.2025.3643607;FALSE;;;;;;;;;;;;;;IReL IEEE Agreement
Dublin City University;2025;;10.1109/access.2025.3644952;FALSE;;;;;;;;;;;;;;IReL IEEE Agreement
Technological University Dublin;2025;;10.1109/access.2025.3629375;FALSE;;;;;;;;;;;;;;IReL IEEE Agreement
Technological University Dublin;2025;;10.1109/ojap.2025.3647297;FALSE;;;;;;;;;;;;;;IReL IEEE Agreement
Trinity College Dublin;2025;;10.1109/access.2025.3638137;FALSE;;;;;;;;;;;;;;IReL IEEE Agreement
Trinity College Dublin;2025;;10.1109/lcomm.2025.3643648;TRUE;;;;;;;;;;;;;;IReL IEEE Agreement
University College Cork;2025;;10.1109/jiot.2025.3632564;TRUE;;;;;;;;;;;;;;IReL IEEE Agreement
University College Cork;2025;;10.1109/jiot.2025.3630062;TRUE;;;;;;;;;;;;;;IReL IEEE Agreement
University College Cork;2025;;10.1109/lsens.2025.3629039;TRUE;;;;;;;;;;;;;;IReL IEEE Agreement
University College Cork;2025;;10.1109/jsen.2025.3648045;TRUE;;;;;;;;;;;;;;IReL IEEE Agreement
University College Cork;2025;;10.1109/access.2025.3642189;FALSE;;;;;;;;;;;;;;IReL IEEE Agreement
University College Cork;2025;;10.1109/mmm.2025.3634220;TRUE;;;;;;;;;;;;;;IReL IEEE Agreement
University College Dublin;2025;;10.1109/tpds.2025.3637511;TRUE;;;;;;;;;;;;;;IReL IEEE Agreement
University College Dublin;2025;;10.1109/tmtt.2025.3634158;TRUE;;;;;;;;;;;;;;IReL IEEE Agreement
University College Dublin;2025;;10.1109/miot.2025.3575571;TRUE;;;;;;;;;;;;;;IReL IEEE Agreement
University College Dublin;2025;;10.1109/ojcas.2025.3589132;FALSE;;;;;;;;;;;;;;IReL IEEE Agreement
University College Dublin;2025;;10.1109/jsas.2025.3648685;FALSE;;;;;;;;;;;;;;IReL IEEE Agreement
University College Dublin;2025;;10.1109/oajpe.2025.3643748;FALSE;;;;;;;;;;;;;;IReL IEEE Agreement
University College Dublin;2025;;10.1109/jssc.2025.3640957;TRUE;;;;;;;;;;;;;;IReL IEEE Agreement
University College Dublin;2025;;10.1109/tqe.2025.3640361;FALSE;;;;;;;;;;;;;;IReL IEEE Agreement
University of Galway;2025;;10.1109/ojvt.2025.3636075;FALSE;;;;;;;;;;;;;;IReL IEEE Agreement
University of Galway;2025;;10.1109/access.2025.3630503;FALSE;;;;;;;;;;;;;;IReL IEEE Agreement
University of Galway;2025;;10.1109/access.2025.3629617;FALSE;;;;;;;;;;;;;;IReL IEEE Agreement
University of Galway;2025;;10.1109/ojvt.2025.3648251;FALSE;;;;;;;;;;;;;;IReL IEEE Agreement
University of Galway;2025;;10.1109/ojap.2025.3646766;FALSE;;;;;;;;;;;;;;IReL IEEE Agreement
University of Galway;2025;;10.1109/access.2025.3645220;FALSE;;;;;;;;;;;;;;IReL IEEE Agreement
University of Galway;2025;;10.1109/access.2025.3646927;FALSE;;;;;;;;;;;;;;IReL IEEE Agreement
University of Limerick;2025;;10.1109/ojvt.2025.3629318;FALSE;;;;;;;;;;;;;;IReL IEEE Agreement
University of Limerick;2025;;10.1109/ojcs.2025.3630508;FALSE;;;;;;;;;;;;;;IReL IEEE Agreement
University of Limerick;2025;;10.1109/ojvt.2025.3640419;FALSE;;;;;;;;;;;;;;IReL IEEE Agreement
Dublin City University;2025;;10.1088/1361-6404/ae0dca;TRUE;;;;;;;;;;;;;;IReL IOP Agreement
Dublin City University;2025;;10.1088/1361-665x/ae1174;TRUE;;;;;;;;;;;;;;IReL IOP Agreement
Dublin City University;2025;;10.1088/1361-6382/ae22b6;TRUE;;;;;;;;;;;;;;IReL IOP Agreement
Dublin City University;2025;;10.1088/1361-6404/ae22a9;TRUE;;;;;;;;;;;;;;IReL IOP Agreement
Trinity College Dublin;2025;;10.1088/2631-7990/ae02ff;FALSE;;;;;;;;;;;;;;IReL IOP Agreement
Trinity College Dublin;2025;;10.1088/1361-648x/ae14c8;TRUE;;;;;;;;;;;;;;IReL IOP Agreement
University College Cork;2025;;10.1088/1361-6498/ae1596;TRUE;;;;;;;;;;;;;;IReL IOP Agreement
University College Cork;2025;;10.1088/1367-2630/ae1636;FALSE;;;;;;;;;;;;;;IReL IOP Agreement
University College Dublin;2025;;10.1088/1361-6463/ae07f4;TRUE;;;;;;;;;;;;;;IReL IOP Agreement
University College Dublin;2025;;10.1088/1361-6382/ae0918;TRUE;;;;;;;;;;;;;;IReL IOP Agreement
University College Dublin;2025;;10.1088/1748-9326/ae0e37;FALSE;;;;;;;;;;;;;;IReL IOP Agreement
University College Dublin;2025;;10.1088/2634-4386/ae0fc0;FALSE;;;;;;;;;;;;;;IReL IOP Agreement
University College Dublin;2025;;10.1088/1361-6404/ae10ec;TRUE;;;;;;;;;;;;;;IReL IOP Agreement
University College Dublin;2025;;10.1088/2058-9565/ae1757;TRUE;;;;;;;;;;;;;;IReL IOP Agreement
University College Dublin;2025;;10.1088/2040-8986/ae1bb8;TRUE;;;;;;;;;;;;;;IReL IOP Agreement
University College Dublin;2025;;10.1088/1741-2552/ae2803;TRUE;;;;;;;;;;;;;;IReL IOP Agreement
Teagasc;2025;;10.1099/mgen.0.001590;FALSE;;;;;;;;;;;;;;IReL Microbiology Society Agreement
Trinity College Dublin;2025;;10.1099/mic.0.001639;FALSE;;;;;;;;;;;;;;IReL Microbiology Society Agreement
University College Cork;2025;;10.1099/mgen.0.001548;FALSE;;;;;;;;;;;;;;IReL Microbiology Society Agreement
Maynooth University;2025;;10.1364/optcon.577884;FALSE;;;;;;;;;;;;;;IReL Optica Agreement
Technological University Dublin;2025;;10.1364/ao.572584;TRUE;;;;;;;;;;;;;;IReL Optica Agreement
Trinity College Dublin;2025;;10.1364/oe.580763;FALSE;;;;;;;;;;;;;;IReL Optica Agreement
University of Galway;2025;;10.1364/ao.581804;TRUE;;;;;;;;;;;;;;IReL Optica Agreement
Maynooth University;2025;;10.1093/jiplp/jpaf077;TRUE;;;;;;;;;;;;;;IReL OUP Agreement
Maynooth University;2025;;10.1093/bjsw/bcaf282;TRUE;;;;;;;;;;;;;;IReL OUP Agreement
Royal College of Surgeons in Ireland;2025;;10.1093/ajcp/aqaf124;TRUE;;;;;;;;;;;;;;IReL OUP Agreement
South East Technological University;2025;;10.1093/heapro/daaf210;TRUE;;;;;;;;;;;;;;IReL OUP Agreement
Trinity College Dublin;2025;;10.1093/bjr/tqaf087;TRUE;;;;;;;;;;;;;;IReL OUP Agreement
Trinity College Dublin;2025;;10.1093/ehr/ceaf149;TRUE;;;;;;;;;;;;;;IReL OUP Agreement
Trinity College Dublin;2025;;10.1093/ageing/afaf347;TRUE;;;;;;;;;;;;;;IReL OUP Agreement
Trinity College Dublin;2025;;10.1093/jmicro/dfaf025;TRUE;;;;;;;;;;;;;;IReL OUP Agreement
Trinity College Dublin;2025;;10.1093/cei/uxaf085;TRUE;;;;;;;;;;;;;;IReL OUP Agreement
University College Cork;2025;;10.1093/ecco-jcc/jjaf200;TRUE;;;;;;;;;;;;;;IReL OUP Agreement
University College Cork;2025;;10.1093/llc/fqaf096;TRUE;;;;;;;;;;;;;;IReL OUP Agreement
University College Dublin;2025;;10.1093/cww/vpaf020;TRUE;;;;;;;;;;;;;;IReL OUP Agreement
University College Dublin;2025;;10.1093/fampra/cmaf088;TRUE;;;;;;;;;;;;;;IReL OUP Agreement
University College Dublin;2025;;10.1093/aob/mcaf104;TRUE;;;;;;;;;;;;;;IReL OUP Agreement
University College Dublin;2025;;10.1093/heapro/daaf216;TRUE;;;;;;;;;;;;;;IReL OUP Agreement
University of Galway;2025;;10.1093/eurheartj/ehaf883;TRUE;;;;;;;;;;;;;;IReL OUP Agreement
University of Galway;2025;;10.1093/heapro/daaf206;TRUE;;;;;;;;;;;;;;IReL OUP Agreement
University of Galway;2025;;10.1093/hmg/ddaf180;TRUE;;;;;;;;;;;;;;IReL OUP Agreement
University of Galway;2025;;10.1093/ijtj/ijaf035;TRUE;;;;;;;;;;;;;;IReL OUP Agreement
University of Limerick;2025;;10.1093/fampra/cmaf094;TRUE;;;;;;;;;;;;;;IReL OUP Agreement
Maynooth University;2025;;10.1371/journal.pone.0336493;FALSE;;;;;;;;;;;;;;IReL PLOS Agreement
Technological University Dublin;2025;;10.1371/journal.pone.0335666;FALSE;;;;;;;;;;;;;;IReL PLOS Agreement
Technological University Dublin;2025;;10.1371/journal.pone.0334460;FALSE;;;;;;;;;;;;;;IReL PLOS Agreement
Technological University Dublin;2025;;10.1371/journal.pone.0330705;FALSE;;;;;;;;;;;;;;IReL PLOS Agreement
Trinity College Dublin;2025;;10.1371/journal.pone.0335597;FALSE;;;;;;;;;;;;;;IReL PLOS Agreement
Trinity College Dublin;2025;;10.1371/journal.pone.0326401;FALSE;;;;;;;;;;;;;;IReL PLOS Agreement
Trinity College Dublin;2025;;10.1371/journal.pone.0327408;FALSE;;;;;;;;;;;;;;IReL PLOS Agreement
Trinity College Dublin;2025;;10.1371/journal.pone.0335933;FALSE;;;;;;;;;;;;;;IReL PLOS Agreement
Trinity College Dublin;2025;;10.1371/journal.pone.0338210;FALSE;;;;;;;;;;;;;;IReL PLOS Agreement
Trinity College Dublin;2025;;10.1371/journal.pone.0335595;FALSE;;;;;;;;;;;;;;IReL PLOS Agreement
University College Cork;2025;;10.1371/journal.pone.0336099;FALSE;;;;;;;;;;;;;;IReL PLOS Agreement
University College Cork;2025;;10.1371/journal.pone.0335644;FALSE;;;;;;;;;;;;;;IReL PLOS Agreement
University College Cork;2025;;10.1371/journal.pone.0334837;FALSE;;;;;;;;;;;;;;IReL PLOS Agreement
University College Cork;2025;;10.1371/journal.pone.0325012;FALSE;;;;;;;;;;;;;;IReL PLOS Agreement
University College Cork;2025;;10.1371/journal.pone.0337835;FALSE;;;;;;;;;;;;;;IReL PLOS Agreement
University College Cork;2025;;10.1371/journal.pone.0337360;FALSE;;;;;;;;;;;;;;IReL PLOS Agreement
University College Cork;2025;;10.1371/journal.pone.0336481;FALSE;;;;;;;;;;;;;;IReL PLOS Agreement
University College Cork;2025;;10.1371/journal.pone.0337591;FALSE;;;;;;;;;;;;;;IReL PLOS Agreement
University College Dublin;2025;;10.1371/journal.pone.0335073;FALSE;;;;;;;;;;;;;;IReL PLOS Agreement
University College Dublin;2025;;10.1371/journal.pone.0333874;FALSE;;;;;;;;;;;;;;IReL PLOS Agreement
University College Dublin;2025;;10.1371/journal.pone.0334072;FALSE;;;;;;;;;;;;;;IReL PLOS Agreement
University College Dublin;2025;;10.1371/journal.pone.0338196;FALSE;;;;;;;;;;;;;;IReL PLOS Agreement
University of Galway;2025;;10.1371/journal.pone.0335168;FALSE;;;;;;;;;;;;;;IReL PLOS Agreement
University of Galway;2025;;10.1371/journal.pone.0334451;FALSE;;;;;;;;;;;;;;IReL PLOS Agreement
University of Galway;2025;;10.1371/journal.pone.0333871;FALSE;;;;;;;;;;;;;;IReL PLOS Agreement
University of Limerick;2025;;10.1371/journal.pone.0334653;FALSE;;;;;;;;;;;;;;IReL PLOS Agreement
University of Limerick;2025;;10.1371/journal.pone.0337582;FALSE;;;;;;;;;;;;;;IReL PLOS Agreement
University of Limerick;2025;;10.1371/journal.pone.0337753;FALSE;;;;;;;;;;;;;;IReL PLOS Agreement
Dublin City University;2025;;10.1353/isia.2025.a969438;TRUE;;;;;;;;;;;;;;IReL RIA Agreement
Technological University Dublin;2025;;10.1353/bae.2025.a965380;TRUE;;;;;;;;;;;;;;IReL RIA Agreement
University College Dublin;2025;;10.1353/ria.2025.a974284;TRUE;;;;;;;;;;;;;;IReL RIA Agreement
University College Dublin;2025;;10.1353/bae.2025.a966125;TRUE;;;;;;;;;;;;;;IReL RIA Agreement
University College Dublin;2025;;10.1353/bae.2025.a969722;TRUE;;;;;;;;;;;;;;IReL RIA Agreement
University College Dublin;2025;;10.1353/isia.0.a968884;TRUE;;;;;;;;;;;;;;IReL RIA Agreement
University of Galway;2025;;10.1353/ria.2025.a974278;TRUE;;;;;;;;;;;;;;IReL RIA Agreement
University College Cork;2025;;10.1098/rsos.251668;FALSE;;;;;;;;;;;;;;IReL RS Agreement
University College Dublin;2025;;10.1098/rspb.2025.1915;TRUE;;;;;;;;;;;;;;IReL RS Agreement
University of Limerick;2025;;10.1098/rspa.2025.0495;TRUE;;;;;;;;;;;;;;IReL RS Agreement
University of Limerick;2025;;10.1098/rspa.2025.0332;TRUE;;;;;;;;;;;;;;IReL RS Agreement
Dublin City University;2025;;10.1039/d5cc04706d;TRUE;;;;;;;;;;;;;;IReL RSC Agreement
Dublin City University;2025;;10.1039/d5su00623f;TRUE;;;;;;;;;;;;;;IReL RSC Agreement
Maynooth University;2025;;10.1039/d5dt02352a;TRUE;;;;;;;;;;;;;;IReL RSC Agreement
Royal College of Surgeons in Ireland;2025;;10.1039/d5tb01947h;TRUE;;;;;;;;;;;;;;IReL RSC Agreement
Trinity College Dublin;2025;;10.1039/d5ob01728a;TRUE;;;;;;;;;;;;;;IReL RSC Agreement
University College Cork;2025;;10.1039/d5ma00833f;TRUE;;;;;;;;;;;;;;IReL RSC Agreement
University College Cork;2025;;10.1039/d5na00609k;TRUE;;;;;;;;;;;;;;IReL RSC Agreement
University College Cork;2025;;10.1039/d5cy01174d;TRUE;;;;;;;;;;;;;;IReL RSC Agreement
University College Cork;2025;;10.1039/d5ey00271k;TRUE;;;;;;;;;;;;;;IReL RSC Agreement
University College Cork;2025;;10.1039/d5ra06556a;TRUE;;;;;;;;;;;;;;IReL RSC Agreement
University College Dublin;2025;;10.1039/d5su00731c;TRUE;;;;;;;;;;;;;;IReL RSC Agreement
University College Dublin;2025;;10.1039/d5ob01495f;TRUE;;;;;;;;;;;;;;IReL RSC Agreement
University College Dublin;2025;;10.1039/d5ra06143a;TRUE;;;;;;;;;;;;;;IReL RSC Agreement
University College Dublin;2025;;10.1039/d5an01128k;TRUE;;;;;;;;;;;;;;IReL RSC Agreement
University of Limerick;2025;;10.1039/d5nr03842a;TRUE;;;;;;;;;;;;;;IReL RSC Agreement
University of Limerick;2025;;10.1039/d5ce00918a;TRUE;;;;;;;;;;;;;;IReL RSC Agreement
Dublin City University;2025;;10.1177/17479541251395888;TRUE;;;;;;;;;;;;;;IReL Sage Agreement
Dublin City University;2025;;10.1177/00178969251406779;TRUE;;;;;;;;;;;;;;IReL Sage Agreement
Dundalk Institute of Technology;2025;;10.1177/14639491251395397;TRUE;;;;;;;;;;;;;;IReL Sage Agreement
Mary Immaculate College;2025;;10.1177/1476718x251399462;TRUE;;;;;;;;;;;;;;IReL Sage Agreement
Maynooth University;2025;;10.1177/00345237251384866;TRUE;;;;;;;;;;;;;;IReL Sage Agreement
Maynooth University;2025;;10.1177/0094582x251392486;TRUE;;;;;;;;;;;;;;IReL Sage Agreement
Maynooth University;2025;;10.1177/15413446251383885;TRUE;;;;;;;;;;;;;;IReL Sage Agreement
Maynooth University;2025;;10.1177/0739456x251396878;TRUE;;;;;;;;;;;;;;IReL Sage Agreement
Maynooth University;2025;;10.1177/13548565251404975;TRUE;;;;;;;;;;;;;;IReL Sage Agreement
Maynooth University;2025;;10.1177/14773708251397196;TRUE;;;;;;;;;;;;;;IReL Sage Agreement
South East Technological University;2025;;10.1177/21650799251388471;TRUE;;;;;;;;;;;;;;IReL Sage Agreement
Technological University of the Shannon: Midlands Midwest;2025;;10.1177/10436596251398994;TRUE;;;;;;;;;;;;;;IReL Sage Agreement
Trinity College Dublin;2025;;10.1177/1525822x251315045;TRUE;;;;;;;;;;;;;;IReL Sage Agreement
Trinity College Dublin;2025;;10.1177/15394492251391675;TRUE;;;;;;;;;;;;;;IReL Sage Agreement
Trinity College Dublin;2025;;10.1177/07388942251395480;TRUE;;;;;;;;;;;;;;IReL Sage Agreement
Trinity College Dublin;2025;;10.1177/10525629251403200;TRUE;;;;;;;;;;;;;;IReL Sage Agreement
Trinity College Dublin;2025;;10.1177/15910199251405913;TRUE;;;;;;;;;;;;;;IReL Sage Agreement
Trinity College Dublin;2025;;10.1177/00034894251407787;TRUE;;;;;;;;;;;;;;IReL Sage Agreement
Trinity College Dublin;2025;;10.1177/07916035251409730;TRUE;;;;;;;;;;;;;;IReL Sage Agreement
Trinity College Dublin;2025;;10.1177/15554120251409051;TRUE;;;;;;;;;;;;;;IReL Sage Agreement
University College Cork;2025;;10.1177/15270025251396508;TRUE;;;;;;;;;;;;;;IReL Sage Agreement
University College Cork;2025;;10.1177/15394492251391664;TRUE;;;;;;;;;;;;;;IReL Sage Agreement
University College Cork;2025;;10.1177/00221678251384544;TRUE;;;;;;;;;;;;;;IReL Sage Agreement
University College Cork;2025;;10.1177/07916035251388896;TRUE;;;;;;;;;;;;;;IReL Sage Agreement
University College Cork;2025;;10.1177/14749041251388183;TRUE;;;;;;;;;;;;;;IReL Sage Agreement
University College Cork;2025;;10.1177/15394492251382465;TRUE;;;;;;;;;;;;;;IReL Sage Agreement
University College Cork;2025;;10.1177/13684310251406078;TRUE;;;;;;;;;;;;;;IReL Sage Agreement
University College Cork;2025;;10.1177/17506980251397852;TRUE;;;;;;;;;;;;;;IReL Sage Agreement
University College Dublin;2025;;10.1177/00081256251376318;TRUE;;;;;;;;;;;;;;IReL Sage Agreement
University College Dublin;2025;;10.1177/01427237251397678;TRUE;;;;;;;;;;;;;;IReL Sage Agreement
University College Dublin;2025;;10.1177/03043754251405160;TRUE;;;;;;;;;;;;;;IReL Sage Agreement
University College Dublin;2025;;10.1177/13675494251396218;TRUE;;;;;;;;;;;;;;IReL Sage Agreement
University of Galway;2025;;10.1177/02632764251397525;TRUE;;;;;;;;;;;;;;IReL Sage Agreement
University of Galway;2025;;10.1177/17579759251395062;TRUE;;;;;;;;;;;;;;IReL Sage Agreement
University of Galway;2025;;10.1177/13505084251384776;TRUE;;;;;;;;;;;;;;IReL Sage Agreement
University of Galway;2025;;10.1177/15480518251386490;TRUE;;;;;;;;;;;;;;IReL Sage Agreement
University of Galway;2025;;10.1177/12063312251392391;TRUE;;;;;;;;;;;;;;IReL Sage Agreement
University of Limerick;2025;;10.1177/08997640251396026;TRUE;;;;;;;;;;;;;;IReL Sage Agreement
University of Limerick;2025;;10.1177/03080226251403335;TRUE;;;;;;;;;;;;;;IReL Sage Agreement
University of Limerick;2025;;10.1177/22130683251341698;TRUE;;;;;;;;;;;;;;IReL Sage Agreement
Trinity College Dublin;2025;;10.1038/s41415-025-8921-y;TRUE;;;;;;;;;;;;;;IReL Springer Agreement
Technological University Dublin;2025;;10.1080/14753820.2025.2523181;TRUE;;;;;;;;;;;;;;IReL T&F Agreement
Trinity College Dublin;2025;;10.1080/00150517.2025.2515497;TRUE;;;;;;;;;;;;;;IReL T&F Agreement
University College Dublin;2025;;10.1080/14737159.2025.2581687;TRUE;;;;;;;;;;;;;;IReL T&F Agreement
Atlantic Technological University;2025;;10.1111/eva.70185;FALSE;;;;;;;;;;;;;;IReL Wiley Agreement
Atlantic Technological University;2025;;10.1155/adme/9725316;FALSE;;;;;;;;;;;;;;IReL Wiley Agreement
Dublin City University;2025;;10.1111/sms.70158;TRUE;;;;;;;;;;;;;;IReL Wiley Agreement
Dublin City University;2025;;10.1002/1878-0261.70157;FALSE;;;;;;;;;;;;;;IReL Wiley Agreement
Dublin City University;2025;;10.1002/ejsc.70101;FALSE;;;;;;;;;;;;;;IReL Wiley Agreement
Mary Immaculate College;2025;;10.1002/car.70078;TRUE;;;;;;;;;;;;;;IReL Wiley Agreement
Mary Immaculate College;2025;;10.1111/gec3.70053;TRUE;;;;;;;;;;;;;;IReL Wiley Agreement
Maynooth University;2025;;10.1111/acps.70050;TRUE;;;;;;;;;;;;;;IReL Wiley Agreement
Maynooth University;2025;;10.1111/bld.70022;TRUE;;;;;;;;;;;;;;IReL Wiley Agreement
Maynooth University;2025;;10.1111/edth.70068;TRUE;;;;;;;;;;;;;;IReL Wiley Agreement
Maynooth University;2025;;10.1111/edth.70063;TRUE;;;;;;;;;;;;;;IReL Wiley Agreement
Maynooth University;2025;;10.1002/joc.70203;TRUE;;;;;;;;;;;;;;IReL Wiley Agreement
Maynooth University;2025;;10.1111/hojo.70018;TRUE;;;;;;;;;;;;;;IReL Wiley Agreement
Maynooth University;2025;;10.1002/dad2.70245;FALSE;;;;;;;;;;;;;;IReL Wiley Agreement
Munster Technological University;2025;;10.1111/ejh.70076;TRUE;;;;;;;;;;;;;;IReL Wiley Agreement
Royal College of Surgeons in Ireland;2025;;10.1111/medu.70098;TRUE;;;;;;;;;;;;;;IReL Wiley Agreement
Royal College of Surgeons in Ireland;2025;;10.1155/cris/1393257;FALSE;;;;;;;;;;;;;;IReL Wiley Agreement
Royal College of Surgeons in Ireland;2025;;10.1111/bcpt.70176;TRUE;;;;;;;;;;;;;;IReL Wiley Agreement
Royal College of Surgeons in Ireland;2025;;10.1111/dar.70087;TRUE;;;;;;;;;;;;;;IReL Wiley Agreement
Royal College of Surgeons in Ireland;2025;;10.1002/jcv2.70091;FALSE;;;;;;;;;;;;;;IReL Wiley Agreement
South East Technological University;2025;;10.1155/ijps/3707326;FALSE;;;;;;;;;;;;;;IReL Wiley Agreement
Technological University Dublin;2025;;10.1002/cnm.70114;TRUE;;;;;;;;;;;;;;IReL Wiley Agreement
Technological University Dublin;2025;;10.1002/poi3.70019;TRUE;;;;;;;;;;;;;;IReL Wiley Agreement
Technological University of the Shannon: Midlands Midwest;2025;;10.1002/ejsc.70085;FALSE;;;;;;;;;;;;;;IReL Wiley Agreement
Technological University of the Shannon: Midlands Midwest;2025;;10.1155/adv/7205547;FALSE;;;;;;;;;;;;;;IReL Wiley Agreement
Trinity College Dublin;2025;;10.1111/jppi.70028;TRUE;;;;;;;;;;;;;;IReL Wiley Agreement
Trinity College Dublin;2025;;10.1002/cmdc.202501000;TRUE;;;;;;;;;;;;;;IReL Wiley Agreement
Trinity College Dublin;2025;;10.1002/ana.78099;TRUE;;;;;;;;;;;;;;IReL Wiley Agreement
Trinity College Dublin;2025;;10.1002/ijgo.70663;TRUE;;;;;;;;;;;;;;IReL Wiley Agreement
Trinity College Dublin;2025;;10.1002/bcp.70082;TRUE;;;;;;;;;;;;;;IReL Wiley Agreement
Trinity College Dublin;2025;;10.1111/hex.70495;FALSE;;;;;;;;;;;;;;IReL Wiley Agreement
Trinity College Dublin;2025;;10.1002/bse.70380;TRUE;;;;;;;;;;;;;;IReL Wiley Agreement
Trinity College Dublin;2025;;10.1111/cdoe.70043;TRUE;;;;;;;;;;;;;;IReL Wiley Agreement
Trinity College Dublin;2025;;10.1111/febs.70357;TRUE;;;;;;;;;;;;;;IReL Wiley Agreement
Trinity College Dublin;2025;;10.1111/caim.70029;TRUE;;;;;;;;;;;;;;IReL Wiley Agreement
Trinity College Dublin;2025;;10.1002/ctm2.70576;FALSE;;;;;;;;;;;;;;IReL Wiley Agreement
Trinity College Dublin;2025;;10.1002/cnr2.70429;FALSE;;;;;;;;;;;;;;IReL Wiley Agreement
University College Cork;2025;;10.1111/bld.70017;TRUE;;;;;;;;;;;;;;IReL Wiley Agreement
University College Cork;2025;;10.1111/inm.70181;TRUE;;;;;;;;;;;;;;IReL Wiley Agreement
University College Cork;2025;;10.1111/cdoe.70038;TRUE;;;;;;;;;;;;;;IReL Wiley Agreement
University College Cork;2025;;10.1111/obr.70038;TRUE;;;;;;;;;;;;;;IReL Wiley Agreement
University College Cork;2025;;10.1002/oby.70093;TRUE;;;;;;;;;;;;;;IReL Wiley Agreement
University College Cork;2025;;10.1111/hex.70491;FALSE;;;;;;;;;;;;;;IReL Wiley Agreement
University College Cork;2025;;10.1002/ece3.72566;FALSE;;;;;;;;;;;;;;IReL Wiley Agreement
University College Cork;2025;;10.1111/bld.70025;TRUE;;;;;;;;;;;;;;IReL Wiley Agreement
University College Cork;2025;;10.1111/ejn.70346;TRUE;;;;;;;;;;;;;;IReL Wiley Agreement
University College Cork;2025;;10.1111/faam.70021;TRUE;;;;;;;;;;;;;;IReL Wiley Agreement
University College Cork;2025;;10.1113/jp290429;TRUE;;;;;;;;;;;;;;IReL Wiley Agreement
University College Cork;2025;;10.1002/fhu2.70020;FALSE;;;;;;;;;;;;;;IReL Wiley Agreement
University College Dublin;2025;;10.1111/jan.70415;TRUE;;;;;;;;;;;;;;IReL Wiley Agreement
University College Dublin;2025;;10.1111/jmft.70097;TRUE;;;;;;;;;;;;;;IReL Wiley Agreement
University College Dublin;2025;;10.1111/1467-6427.70008;TRUE;;;;;;;;;;;;;;IReL Wiley Agreement
University College Dublin;2025;;10.1111/1471-0528.70092;TRUE;;;;;;;;;;;;;;IReL Wiley Agreement
University College Dublin;2025;;10.1111/sjpe.70039;TRUE;;;;;;;;;;;;;;IReL Wiley Agreement
University College Dublin;2025;;10.1002/rra.70080;TRUE;;;;;;;;;;;;;;IReL Wiley Agreement
University College Dublin;2025;;10.1111/joim.70045;TRUE;;;;;;;;;;;;;;IReL Wiley Agreement
University College Dublin;2025;;10.1002/anie.202517553;TRUE;;;;;;;;;;;;;;IReL Wiley Agreement
University College Dublin;2025;;10.1029/2025jb032265;TRUE;;;;;;;;;;;;;;IReL Wiley Agreement
University College Dublin;2025;;10.1002/cepa.70012;TRUE;;;;;;;;;;;;;;IReL Wiley Agreement
University College Dublin;2025;;10.1002/cepa.70000;TRUE;;;;;;;;;;;;;;IReL Wiley Agreement
University College Dublin;2025;;10.1002/cepa.3392;TRUE;;;;;;;;;;;;;;IReL Wiley Agreement
University College Dublin;2025;;10.1002/cepa.3382;TRUE;;;;;;;;;;;;;;IReL Wiley Agreement
University College Dublin;2025;;10.1155/crve/9995968;FALSE;;;;;;;;;;;;;;IReL Wiley Agreement
University College Dublin;2025;;10.1049/itr2.70121;FALSE;;;;;;;;;;;;;;IReL Wiley Agreement
University College Dublin;2025;;10.1111/vsu.70067;TRUE;;;;;;;;;;;;;;IReL Wiley Agreement
University College Dublin;2025;;10.1002/cplu.202500590;TRUE;;;;;;;;;;;;;;IReL Wiley Agreement
University College Dublin;2025;;10.1111/codi.70335;TRUE;;;;;;;;;;;;;;IReL Wiley Agreement
University College Dublin;2025;;10.1111/jmft.70100;TRUE;;;;;;;;;;;;;;IReL Wiley Agreement
University College Dublin;2025;;10.1111/jan.70429;TRUE;;;;;;;;;;;;;;IReL Wiley Agreement
University College Dublin;2025;;10.1111/1541-4337.70361;TRUE;;;;;;;;;;;;;;IReL Wiley Agreement
University College Dublin;2025;;10.1111/1471-0307.70079;TRUE;;;;;;;;;;;;;;IReL Wiley Agreement
University College Dublin;2025;;10.1002/wene.70018;TRUE;;;;;;;;;;;;;;IReL Wiley Agreement
University College Dublin;2025;;10.1111/edth.70070;TRUE;;;;;;;;;;;;;;IReL Wiley Agreement
University College Dublin;2025;;10.1111/1468-2427.70053;TRUE;;;;;;;;;;;;;;IReL Wiley Agreement
University College Dublin;2025;;10.1155/jobe/1461796;FALSE;;;;;;;;;;;;;;IReL Wiley Agreement
University College Dublin;2025;;10.1002/ppp3.70156;FALSE;;;;;;;;;;;;;;IReL Wiley Agreement
University of Galway;2025;;10.1029/2025rs008350;TRUE;;;;;;;;;;;;;;IReL Wiley Agreement
University of Galway;2025;;10.1002/jtr.70142;TRUE;;;;;;;;;;;;;;IReL Wiley Agreement
University of Galway;2025;;10.1002/advs.202506669;FALSE;;;;;;;;;;;;;;IReL Wiley Agreement
University of Galway;2025;;10.1002/cam4.71375;FALSE;;;;;;;;;;;;;;IReL Wiley Agreement
University of Galway;2025;;10.1002/chem.202502964;TRUE;;;;;;;;;;;;;;IReL Wiley Agreement
University of Galway;2025;;10.1111/bph.70284;TRUE;;;;;;;;;;;;;;IReL Wiley Agreement
University of Galway;2025;;10.1049/mia2.70078;FALSE;;;;;;;;;;;;;;IReL Wiley Agreement
University of Galway;2025;;10.1111/jocd.70578;FALSE;;;;;;;;;;;;;;IReL Wiley Agreement
University of Limerick;2025;;10.1111/jhn.70171;TRUE;;;;;;;;;;;;;;IReL Wiley Agreement
University of Limerick;2025;;10.1002/qre.70121;TRUE;;;;;;;;;;;;;;IReL Wiley Agreement
University of Limerick;2025;;10.1002/edm2.70140;FALSE;;;;;;;;;;;;;;IReL Wiley Agreement
University of Limerick;2025;;10.1002/anie.202522709;TRUE;;;;;;;;;;;;;;IReL Wiley Agreement
University of Limerick;2025;;10.1111/inm.70186;TRUE;;;;;;;;;;;;;;IReL Wiley Agreement
University of Limerick;2025;;10.1111/apce.70028;TRUE;;;;;;;;;;;;;;IReL Wiley Agreement
University of Limerick;2025;;10.1111/twec.70036;TRUE;;;;;;;;;;;;;;IReL Wiley Agreement
University of Limerick;2025;;10.1111/birt.70039;TRUE;;;;;;;;;;;;;;IReL Wiley Agreement
University of Limerick;2025;;10.1111/bld.70010;TRUE;;;;;;;;;;;;;;IReL Wiley Agreement
University of Limerick;2025;;10.1002/ejsc.70110;FALSE;;;;;;;;;;;;;;IReL Wiley Agreement
