institution,period,euro,doi,is_hybrid,publisher,journal_full_title,issn,issn_print,issn_electronic,issn_l,license_ref,indexed_in_crossref,pmid,pmcid,ut,url,doaj,agreement
Trinity College Dublin,2025,,10.1002/2688-8319.70076,FALSE,,,,,,,,,,,,,,IReL Wiley Agreement
Trinity College Dublin,2025,,10.1002/adma.202504116,TRUE,,,,,,,,,,,,,,IReL Wiley Agreement
University College Dublin,2025,,10.1002/admi.202500202,FALSE,,,,,,,,,,,,,,IReL Wiley Agreement
Royal College of Surgeons in Ireland,2025,,10.1002/advs.202503454,FALSE,,,,,,,,,,,,,,IReL Wiley Agreement
Trinity College Dublin,2025,,10.1002/advs.202504394,FALSE,,,,,,,,,,,,,,IReL Wiley Agreement
Munster Technological University,2025,,10.1002/ail2.70002,FALSE,,,,,,,,,,,,,,IReL Wiley Agreement
Royal College of Surgeons in Ireland,2025,,10.1002/bcp.70174,TRUE,,,,,,,,,,,,,,IReL Wiley Agreement
Royal College of Surgeons in Ireland,2025,,10.1002/bcp.70175,TRUE,,,,,,,,,,,,,,IReL Wiley Agreement
University of Limerick,2025,,10.1002/bdm.70034,TRUE,,,,,,,,,,,,,,IReL Wiley Agreement
Atlantic Technological University,2025,,10.1002/bse.70067,TRUE,,,,,,,,,,,,,,IReL Wiley Agreement
University College Dublin,2025,,10.1002/capr.70030,TRUE,,,,,,,,,,,,,,IReL Wiley Agreement
Royal College of Surgeons in Ireland,2025,,10.1002/cbic.202500258,TRUE,,,,,,,,,,,,,,IReL Wiley Agreement
Maynooth University,2025,,10.1002/cbic.202500433,TRUE,,,,,,,,,,,,,,IReL Wiley Agreement
Royal College of Surgeons in Ireland,2025,,10.1002/ccd.70005,TRUE,,,,,,,,,,,,,,IReL Wiley Agreement
University of Limerick,2025,,10.1002/ccd.70080,TRUE,,,,,,,,,,,,,,IReL Wiley Agreement
University College Dublin,2025,,10.1002/chem.202501341,TRUE,,,,,,,,,,,,,,IReL Wiley Agreement
Trinity College Dublin,2025,,10.1002/cre2.70178,FALSE,,,,,,,,,,,,,,IReL Wiley Agreement
University College Cork,2025,,10.1002/ece3.71565,FALSE,,,,,,,,,,,,,,IReL Wiley Agreement
University College Cork,2025,,10.1002/ece3.71829,FALSE,,,,,,,,,,,,,,IReL Wiley Agreement
Trinity College Dublin,2025,,10.1002/eji.202451630,TRUE,,,,,,,,,,,,,,IReL Wiley Agreement
University of Galway,2025,,10.1002/eji.70000,TRUE,,,,,,,,,,,,,,IReL Wiley Agreement
University College Dublin,2025,,10.1002/ejsc.70011,FALSE,,,,,,,,,,,,,,IReL Wiley Agreement
Trinity College Dublin,2025,,10.1002/ejsc.70018,FALSE,,,,,,,,,,,,,,IReL Wiley Agreement
Technological University Dublin,2025,,10.1002/fsn3.70681,FALSE,,,,,,,,,,,,,,IReL Wiley Agreement
Maynooth University,2025,,10.1002/gdj3.70022,FALSE,,,,,,,,,,,,,,IReL Wiley Agreement
University of Galway,2025,,10.1002/ijc.70067,TRUE,,,,,,,,,,,,,,IReL Wiley Agreement
University College Dublin,2025,,10.1002/ijgo.70385,TRUE,,,,,,,,,,,,,,IReL Wiley Agreement
Trinity College Dublin,2025,,10.1002/jcsm.70019,FALSE,,,,,,,,,,,,,,IReL Wiley Agreement
University of Limerick,2025,,10.1002/jctb.70015,TRUE,,,,,,,,,,,,,,IReL Wiley Agreement
Royal College of Surgeons in Ireland,2025,,10.1002/jgc4.70083,TRUE,,,,,,,,,,,,,,IReL Wiley Agreement
Trinity College Dublin,2025,,10.1002/jmrs.70009,FALSE,,,,,,,,,,,,,,IReL Wiley Agreement
University College Cork,2025,,10.1002/jwmg.70071,TRUE,,,,,,,,,,,,,,IReL Wiley Agreement
University of Galway,2025,,10.1002/osp4.70083,FALSE,,,,,,,,,,,,,,IReL Wiley Agreement
South East Technological University,2025,,10.1002/prca.70018,TRUE,,,,,,,,,,,,,,IReL Wiley Agreement
University College Dublin,2025,,10.1002/slct.202500502,TRUE,,,,,,,,,,,,,,IReL Wiley Agreement
University College Dublin,2025,,10.1002/smll.202503879,TRUE,,,,,,,,,,,,,,IReL Wiley Agreement
Maynooth University,2025,,10.1002/wea.7757,TRUE,,,,,,,,,,,,,,IReL Wiley Agreement
University of Galway,2025,,10.1007/s00013-025-02123-z,TRUE,,,,,,,,,,,,,,IReL Springer Agreement
South East Technological University,2025,,10.1007/s00021-025-00946-y,TRUE,,,,,,,,,,,,,,IReL Springer Agreement
University of Limerick,2025,,10.1007/s00033-025-02463-4,TRUE,,,,,,,,,,,,,,IReL Springer Agreement
University College Cork,2025,,10.1007/s00115-025-01828-4,TRUE,,,,,,,,,,,,,,IReL Springer Agreement
University College Dublin,2025,,10.1007/s00126-025-01366-8,TRUE,,,,,,,,,,,,,,IReL Springer Agreement
University College Cork,2025,,10.1007/s00138-025-01707-7,TRUE,,,,,,,,,,,,,,IReL Springer Agreement
University College Dublin,2025,,10.1007/s00146-025-02389-5,TRUE,,,,,,,,,,,,,,IReL Springer Agreement
South East Technological University,2025,,10.1007/s00146-025-02396-6,TRUE,,,,,,,,,,,,,,IReL Springer Agreement
University of Galway,2025,,10.1007/s00170-025-15554-3,TRUE,,,,,,,,,,,,,,IReL Springer Agreement
University College Dublin,2025,,10.1007/s00170-025-15777-4,TRUE,,,,,,,,,,,,,,IReL Springer Agreement
University College Cork,2025,,10.1007/s00187-025-00392-x,TRUE,,,,,,,,,,,,,,IReL Springer Agreement
University College Dublin,2025,,10.1007/s00198-025-07545-7,TRUE,,,,,,,,,,,,,,IReL Springer Agreement
Royal College of Surgeons in Ireland,2025,,10.1007/s00198-025-07554-6,TRUE,,,,,,,,,,,,,,IReL Springer Agreement
University College Dublin,2025,,10.1007/s00216-025-05874-4,TRUE,,,,,,,,,,,,,,IReL Springer Agreement
University College Cork,2025,,10.1007/s00227-025-04687-4,TRUE,,,,,,,,,,,,,,IReL Springer Agreement
Royal College of Surgeons in Ireland,2025,,10.1007/s00234-025-03671-5,TRUE,,,,,,,,,,,,,,IReL Springer Agreement
University College Dublin,2025,,10.1007/s00246-025-03914-5,TRUE,,,,,,,,,,,,,,IReL Springer Agreement
University College Cork,2025,,10.1007/s00248-025-02551-y,FALSE,,,,,,,,,,,,,,IReL Springer Agreement
Trinity College Dublin,2025,,10.1007/s00265-025-03594-4,TRUE,,,,,,,,,,,,,,IReL Springer Agreement
University College Dublin,2025,,10.1007/s00291-025-00819-w,TRUE,,,,,,,,,,,,,,IReL Springer Agreement
University College Cork,2025,,10.1007/s00296-025-05916-1,TRUE,,,,,,,,,,,,,,IReL Springer Agreement
Royal College of Surgeons in Ireland,2025,,10.1007/s00345-025-05713-2,TRUE,,,,,,,,,,,,,,IReL Springer Agreement
University College Cork,2025,,10.1007/s00394-025-03692-z,TRUE,,,,,,,,,,,,,,IReL Springer Agreement
University College Cork,2025,,10.1007/s00394-025-03693-y,TRUE,,,,,,,,,,,,,,IReL Springer Agreement
University College Cork,2025,,10.1007/s00394-025-03706-w,TRUE,,,,,,,,,,,,,,IReL Springer Agreement
University College Dublin,2025,,10.1007/s00394-025-03731-9,TRUE,,,,,,,,,,,,,,IReL Springer Agreement
Trinity College Dublin,2025,,10.1007/s00401-025-02897-0,TRUE,,,,,,,,,,,,,,IReL Springer Agreement
Royal College of Surgeons in Ireland,2025,,10.1007/s00404-025-08066-8,TRUE,,,,,,,,,,,,,,IReL Springer Agreement
Royal College of Surgeons in Ireland,2025,,10.1007/s00414-025-03522-1,TRUE,,,,,,,,,,,,,,IReL Springer Agreement
Trinity College Dublin,2025,,10.1007/s00415-025-13143-8,TRUE,,,,,,,,,,,,,,IReL Springer Agreement
Royal College of Surgeons in Ireland,2025,,10.1007/s00423-025-03744-2,TRUE,,,,,,,,,,,,,,IReL Springer Agreement
Royal College of Surgeons in Ireland,2025,,10.1007/s00431-025-06170-0,TRUE,,,,,,,,,,,,,,IReL Springer Agreement
University College Dublin,2025,,10.1007/s00431-025-06175-9,TRUE,,,,,,,,,,,,,,IReL Springer Agreement
University of Galway,2025,,10.1007/s00432-025-06232-8,FALSE,,,,,,,,,,,,,,IReL Springer Agreement
University of Galway,2025,,10.1007/s00441-025-03980-4,TRUE,,,,,,,,,,,,,,IReL Springer Agreement
University College Dublin,2025,,10.1007/s00520-025-09447-0,TRUE,,,,,,,,,,,,,,IReL Springer Agreement
Trinity College Dublin,2025,,10.1007/s00520-025-09532-4,TRUE,,,,,,,,,,,,,,IReL Springer Agreement
University College Dublin,2025,,10.1007/s00520-025-09550-2,TRUE,,,,,,,,,,,,,,IReL Springer Agreement
South East Technological University,2025,,10.1007/s00520-025-09650-z,TRUE,,,,,,,,,,,,,,IReL Springer Agreement
University of Galway,2025,,10.1007/s00520-025-09709-x,TRUE,,,,,,,,,,,,,,IReL Springer Agreement
University College Dublin,2025,,10.1007/s00521-025-11317-z,TRUE,,,,,,,,,,,,,,IReL Springer Agreement
Royal College of Surgeons in Ireland,2025,,10.1007/s00590-025-04358-6,TRUE,,,,,,,,,,,,,,IReL Springer Agreement
Royal College of Surgeons in Ireland,2025,,10.1007/s00787-025-02730-9,TRUE,,,,,,,,,,,,,,IReL Springer Agreement
Trinity College Dublin,2025,,10.1007/s10029-025-03319-6,TRUE,,,,,,,,,,,,,,IReL Springer Agreement
Trinity College Dublin,2025,,10.1007/s10037-025-00245-z,TRUE,,,,,,,,,,,,,,IReL Springer Agreement
University College Cork,2025,,10.1007/s10055-025-01163-8,FALSE,,,,,,,,,,,,,,IReL Springer Agreement
University of Limerick,2025,,10.1007/s10209-025-01224-4,TRUE,,,,,,,,,,,,,,IReL Springer Agreement
University College Dublin,2025,,10.1007/s10209-025-01227-1,TRUE,,,,,,,,,,,,,,IReL Springer Agreement
University College Dublin,2025,,10.1007/s10290-025-00598-0,TRUE,,,,,,,,,,,,,,IReL Springer Agreement
University College Cork,2025,,10.1007/s10334-025-01245-3,TRUE,,,,,,,,,,,,,,IReL Springer Agreement
Atlantic Technological University,2025,,10.1007/s10344-025-01950-3,TRUE,,,,,,,,,,,,,,IReL Springer Agreement
University College Cork,2025,,10.1007/s10531-025-03075-0,TRUE,,,,,,,,,,,,,,IReL Springer Agreement
University of Galway,2025,,10.1007/s10577-025-09766-2,TRUE,,,,,,,,,,,,,,IReL Springer Agreement
University of Galway,2025,,10.1007/s10579-025-09848-x,TRUE,,,,,,,,,,,,,,IReL Springer Agreement
University of Galway,2025,,10.1007/s10584-025-03936-1,TRUE,,,,,,,,,,,,,,IReL Springer Agreement
University of Galway,2025,,10.1007/s10586-025-05433-7,TRUE,,,,,,,,,,,,,,IReL Springer Agreement
Atlantic Technological University,2025,,10.1007/s10641-025-01706-7,TRUE,,,,,,,,,,,,,,IReL Springer Agreement
Trinity College Dublin,2025,,10.1007/s10661-025-14206-z,TRUE,,,,,,,,,,,,,,IReL Springer Agreement
Trinity College Dublin,2025,,10.1007/s10661-025-14250-9,TRUE,,,,,,,,,,,,,,IReL Springer Agreement
Maynooth University,2025,,10.1007/s10668-025-06221-4,TRUE,,,,,,,,,,,,,,IReL Springer Agreement
University College Dublin,2025,,10.1007/s10686-025-10009-9,TRUE,,,,,,,,,,,,,,IReL Springer Agreement
University College Dublin,2025,,10.1007/s10686-025-10014-y,TRUE,,,,,,,,,,,,,,IReL Springer Agreement
University College Cork,2025,,10.1007/s10706-025-03137-8,TRUE,,,,,,,,,,,,,,IReL Springer Agreement
Trinity College Dublin,2025,,10.1007/s10741-025-10529-8,TRUE,,,,,,,,,,,,,,IReL Springer Agreement
University of Limerick,2025,,10.1007/s10798-025-09988-9,TRUE,,,,,,,,,,,,,,IReL Springer Agreement
University of Limerick,2025,,10.1007/s10798-025-09990-1,TRUE,,,,,,,,,,,,,,IReL Springer Agreement
Mary Immaculate College,2025,,10.1007/s10803-025-06820-0,TRUE,,,,,,,,,,,,,,IReL Springer Agreement
University College Cork,2025,,10.1007/s10803-025-06869-x,TRUE,,,,,,,,,,,,,,IReL Springer Agreement
University of Limerick,2025,,10.1007/s10853-025-11043-w,TRUE,,,,,,,,,,,,,,IReL Springer Agreement
Dublin City University,2025,,10.1007/s10857-025-09710-5,TRUE,,,,,,,,,,,,,,IReL Springer Agreement
Trinity College Dublin,2025,,10.1007/s10875-025-01881-3,TRUE,,,,,,,,,,,,,,IReL Springer Agreement
University College Dublin,2025,,10.1007/s10876-025-02837-8,TRUE,,,,,,,,,,,,,,IReL Springer Agreement
Trinity College Dublin,2025,,10.1007/s10888-025-09687-4,TRUE,,,,,,,,,,,,,,IReL Springer Agreement
Atlantic Technological University,2025,,10.1007/s10919-025-00486-z,TRUE,,,,,,,,,,,,,,IReL Springer Agreement
Mary Immaculate College,2025,,10.1007/s10943-025-02307-5,TRUE,,,,,,,,,,,,,,IReL Springer Agreement
University of Limerick,2025,,10.1007/s10961-025-10209-7,TRUE,,,,,,,,,,,,,,IReL Springer Agreement
University College Dublin,2025,,10.1007/s10978-025-09416-w,TRUE,,,,,,,,,,,,,,IReL Springer Agreement
University of Galway,2025,,10.1007/s10984-025-09540-5,TRUE,,,,,,,,,,,,,,IReL Springer Agreement
Royal College of Surgeons in Ireland,2025,,10.1007/s10995-025-04113-7,TRUE,,,,,,,,,,,,,,IReL Springer Agreement
University College Cork,2025,,10.1007/s11001-025-09574-7,TRUE,,,,,,,,,,,,,,IReL Springer Agreement
Munster Technological University,2025,,10.1007/s11040-025-09511-5,TRUE,,,,,,,,,,,,,,IReL Springer Agreement
Royal College of Surgeons in Ireland,2025,,10.1007/s11096-025-01887-2,TRUE,,,,,,,,,,,,,,IReL Springer Agreement
Royal College of Surgeons in Ireland,2025,,10.1007/s11096-025-01907-1,TRUE,,,,,,,,,,,,,,IReL Springer Agreement
University College Cork,2025,,10.1007/s11096-025-01919-x,TRUE,,,,,,,,,,,,,,IReL Springer Agreement
University College Cork,2025,,10.1007/s11096-025-01927-x,TRUE,,,,,,,,,,,,,,IReL Springer Agreement
Trinity College Dublin,2025,,10.1007/s11125-025-09730-2,TRUE,,,,,,,,,,,,,,IReL Springer Agreement
Trinity College Dublin,2025,,10.1007/s11136-025-04009-7,TRUE,,,,,,,,,,,,,,IReL Springer Agreement
Trinity College Dublin,2025,,10.1007/s11187-025-01043-0,TRUE,,,,,,,,,,,,,,IReL Springer Agreement
Trinity College Dublin,2025,,10.1007/s11217-025-09997-0,TRUE,,,,,,,,,,,,,,IReL Springer Agreement
Atlantic Technological University,2025,,10.1007/s11224-025-02521-7,TRUE,,,,,,,,,,,,,,IReL Springer Agreement
University of Galway,2025,,10.1007/s11227-025-07292-w,TRUE,,,,,,,,,,,,,,IReL Springer Agreement
University of Limerick,2025,,10.1007/s11227-025-07383-8,TRUE,,,,,,,,,,,,,,IReL Springer Agreement
Technological University Dublin,2025,,10.1007/s11332-025-01388-9,TRUE,,,,,,,,,,,,,,IReL Springer Agreement
Trinity College Dublin,2025,,10.1007/s11365-025-01129-x,TRUE,,,,,,,,,,,,,,IReL Springer Agreement
University College Dublin,2025,,10.1007/s11440-025-02660-5,TRUE,,,,,,,,,,,,,,IReL Springer Agreement
Technological University Dublin,2025,,10.1007/s11569-025-00476-x,FALSE,,,,,,,,,,,,,,IReL Springer Agreement
Trinity College Dublin,2025,,10.1007/s11612-025-00813-4,TRUE,,,,,,,,,,,,,,IReL Springer Agreement
University of Galway,2025,,10.1007/s11673-025-10429-4,TRUE,,,,,,,,,,,,,,IReL Springer Agreement
Royal College of Surgeons in Ireland,2025,,10.1007/s11682-025-01007-8,TRUE,,,,,,,,,,,,,,IReL Springer Agreement
Royal College of Surgeons in Ireland,2025,,10.1007/s11701-025-02354-w,TRUE,,,,,,,,,,,,,,IReL Springer Agreement
Royal College of Surgeons in Ireland,2025,,10.1007/s11701-025-02356-8,TRUE,,,,,,,,,,,,,,IReL Springer Agreement
Royal College of Surgeons in Ireland,2025,,10.1007/s11845-025-03922-7,TRUE,,,,,,,,,,,,,,IReL Springer Agreement
Trinity College Dublin,2025,,10.1007/s11845-025-03938-z,TRUE,,,,,,,,,,,,,,IReL Springer Agreement
Trinity College Dublin,2025,,10.1007/s11845-025-03940-5,TRUE,,,,,,,,,,,,,,IReL Springer Agreement
University College Dublin,2025,,10.1007/s11845-025-03947-y,TRUE,,,,,,,,,,,,,,IReL Springer Agreement
Royal College of Surgeons in Ireland,2025,,10.1007/s11845-025-03949-w,TRUE,,,,,,,,,,,,,,IReL Springer Agreement
Trinity College Dublin,2025,,10.1007/s11845-025-03952-1,TRUE,,,,,,,,,,,,,,IReL Springer Agreement
Royal College of Surgeons in Ireland,2025,,10.1007/s11845-025-03960-1,TRUE,,,,,,,,,,,,,,IReL Springer Agreement
University of Limerick,2025,,10.1007/s11845-025-03961-0,TRUE,,,,,,,,,,,,,,IReL Springer Agreement
Royal College of Surgeons in Ireland,2025,,10.1007/s11845-025-03963-y,TRUE,,,,,,,,,,,,,,IReL Springer Agreement
University of Limerick,2025,,10.1007/s11845-025-03965-w,TRUE,,,,,,,,,,,,,,IReL Springer Agreement
Royal College of Surgeons in Ireland,2025,,10.1007/s11845-025-03971-y,TRUE,,,,,,,,,,,,,,IReL Springer Agreement
Trinity College Dublin,2025,,10.1007/s11845-025-03973-w,TRUE,,,,,,,,,,,,,,IReL Springer Agreement
Royal College of Surgeons in Ireland,2025,,10.1007/s11845-025-03978-5,TRUE,,,,,,,,,,,,,,IReL Springer Agreement
University College Cork,2025,,10.1007/s11845-025-03986-5,TRUE,,,,,,,,,,,,,,IReL Springer Agreement
Trinity College Dublin,2025,,10.1007/s11845-025-03990-9,TRUE,,,,,,,,,,,,,,IReL Springer Agreement
University College Dublin,2025,,10.1007/s12031-025-02371-2,TRUE,,,,,,,,,,,,,,IReL Springer Agreement
University of Galway,2025,,10.1007/s12032-025-02830-1,TRUE,,,,,,,,,,,,,,IReL Springer Agreement
University College Cork,2025,,10.1007/s12108-025-09661-7,TRUE,,,,,,,,,,,,,,IReL Springer Agreement
University of Galway,2025,,10.1007/s12144-025-07732-z,TRUE,,,,,,,,,,,,,,IReL Springer Agreement
Royal College of Surgeons in Ireland,2025,,10.1007/s12144-025-07801-3,TRUE,,,,,,,,,,,,,,IReL Springer Agreement
Trinity College Dublin,2025,,10.1007/s12149-025-02042-7,TRUE,,,,,,,,,,,,,,IReL Springer Agreement
University of Galway,2025,,10.1007/s12178-025-09975-6,TRUE,,,,,,,,,,,,,,IReL Springer Agreement
Dublin City University,2025,,10.1007/s12187-025-10261-7,TRUE,,,,,,,,,,,,,,IReL Springer Agreement
Trinity College Dublin,2025,,10.1007/s12237-025-01542-z,TRUE,,,,,,,,,,,,,,IReL Springer Agreement
University College Dublin,2025,,10.1007/s12393-025-09411-y,TRUE,,,,,,,,,,,,,,IReL Springer Agreement
University College Dublin,2025,,10.1007/s12393-025-09418-5,TRUE,,,,,,,,,,,,,,IReL Springer Agreement
University of Galway,2025,,10.1007/s12551-025-01323-9,TRUE,,,,,,,,,,,,,,IReL Springer Agreement
University College Dublin,2025,,10.1007/s12687-025-00791-6,TRUE,,,,,,,,,,,,,,IReL Springer Agreement
University of Limerick,2025,,10.1007/s13272-025-00842-1,TRUE,,,,,,,,,,,,,,IReL Springer Agreement
Dublin City University,2025,,10.1007/s13347-025-00883-8,TRUE,,,,,,,,,,,,,,IReL Springer Agreement
University College Cork,2025,,10.1007/s13385-025-00420-z,TRUE,,,,,,,,,,,,,,IReL Springer Agreement
University College Cork,2025,,10.1007/s13592-025-01183-y,TRUE,,,,,,,,,,,,,,IReL Springer Agreement
University College Cork,2025,,10.1007/s40266-025-01222-4,TRUE,,,,,,,,,,,,,,IReL Springer Agreement
Technological University Dublin,2025,,10.1007/s40279-025-02200-x,TRUE,,,,,,,,,,,,,,IReL Springer Agreement
Technological University Dublin,2025,,10.1007/s40279-025-02201-w,TRUE,,,,,,,,,,,,,,IReL Springer Agreement
Trinity College Dublin,2025,,10.1007/s40319-025-01622-4,TRUE,,,,,,,,,,,,,,IReL Springer Agreement
University College Cork,2025,,10.1007/s40368-025-01033-6,TRUE,,,,,,,,,,,,,,IReL Springer Agreement
Trinity College Dublin,2025,,10.1007/s40429-025-00651-w,TRUE,,,,,,,,,,,,,,IReL Springer Agreement
University College Dublin,2025,,10.1007/s40436-025-00568-7,TRUE,,,,,,,,,,,,,,IReL Springer Agreement
University of Limerick,2025,,10.1007/s40653-025-00724-y,TRUE,,,,,,,,,,,,,,IReL Springer Agreement
University College Dublin,2025,,10.1007/s40670-025-02402-y,TRUE,,,,,,,,,,,,,,IReL Springer Agreement
University College Cork,2025,,10.1007/s40948-025-00963-1,FALSE,,,,,,,,,,,,,,IReL Springer Agreement
University of Limerick,2025,,10.1007/s40964-025-01079-4,TRUE,,,,,,,,,,,,,,IReL Springer Agreement
Dublin City University,2025,,10.1007/s41324-025-00629-w,TRUE,,,,,,,,,,,,,,IReL Springer Agreement
Atlantic Technological University,2025,,10.1007/s41810-025-00325-0,TRUE,,,,,,,,,,,,,,IReL Springer Agreement
University College Cork,2025,,10.1007/s41999-025-01201-3,TRUE,,,,,,,,,,,,,,IReL Springer Agreement
University College Dublin,2025,,10.1007/s41999-025-01246-4,TRUE,,,,,,,,,,,,,,IReL Springer Agreement
University College Cork,2025,,10.1007/s42413-025-00249-0,TRUE,,,,,,,,,,,,,,IReL Springer Agreement
University of Limerick,2025,,10.1007/s42438-025-00577-6,TRUE,,,,,,,,,,,,,,IReL Springer Agreement
University of Galway,2025,,10.1007/s42979-025-04014-0,TRUE,,,,,,,,,,,,,,IReL Springer Agreement
Technological University Dublin,2025,,10.1007/s42979-025-04137-4,TRUE,,,,,,,,,,,,,,IReL Springer Agreement
University of Galway,2025,,10.1007/s43441-025-00812-z,TRUE,,,,,,,,,,,,,,IReL Springer Agreement
Dublin City University,2025,,10.1007/s43545-025-01114-9,TRUE,,,,,,,,,,,,,,IReL Springer Agreement
Trinity College Dublin,2025,,10.1007/s43681-025-00708-6,TRUE,,,,,,,,,,,,,,IReL Springer Agreement
Dublin City University,2025,,10.1007/s43681-025-00770-0,TRUE,,,,,,,,,,,,,,IReL Springer Agreement
University College Dublin,2025,,10.1007/s44206-025-00209-3,TRUE,,,,,,,,,,,,,,IReL Springer Agreement
University College Dublin,2025,,10.1017/ipm.2025.23,TRUE,,,,,,,,,,,,,,IReL CUP Agreement
University College Dublin,2025,,10.1017/jme.2025.10137,TRUE,,,,,,,,,,,,,,IReL CUP Agreement
University College Dublin,2025,,10.1017/jme.2025.10141,TRUE,,,,,,,,,,,,,,IReL CUP Agreement
Trinity College Dublin,2025,,10.1017/neu.2025.10030,FALSE,,,,,,,,,,,,,,IReL CUP Agreement
University of Galway,2025,,10.1017/s000358152500006x,TRUE,,,,,,,,,,,,,,IReL CUP Agreement
Trinity College Dublin,2025,,10.1017/s0047279425100950,TRUE,,,,,,,,,,,,,,IReL CUP Agreement
University College Dublin,2025,,10.1017/s0950268825100265,FALSE,,,,,,,,,,,,,,IReL CUP Agreement
University of Galway,2025,,10.1021/acs.cgd.5c00373,TRUE,,,,,,,,,,,,,,IReL ACS Agreement
University of Limerick,2025,,10.1021/acs.cgd.5c00735,TRUE,,,,,,,,,,,,,,IReL ACS Agreement
University of Limerick,2025,,10.1021/acs.cgd.5c00915,TRUE,,,,,,,,,,,,,,IReL ACS Agreement
Trinity College Dublin,2025,,10.1021/acs.jpca.5c03946,TRUE,,,,,,,,,,,,,,IReL ACS Agreement
University of Limerick,2025,,10.1021/acs.nanolett.5c02469,TRUE,,,,,,,,,,,,,,IReL ACS Agreement
University College Dublin,2025,,10.1021/acsami.5c04717,TRUE,,,,,,,,,,,,,,IReL ACS Agreement
University College Cork,2025,,10.1021/acsami.5c08140,TRUE,,,,,,,,,,,,,,IReL ACS Agreement
University College Dublin,2025,,10.1021/acsanm.5c02620,TRUE,,,,,,,,,,,,,,IReL ACS Agreement
University College Dublin,2025,,10.1021/acsfoodscitech.5c00545,TRUE,,,,,,,,,,,,,,IReL ACS Agreement
Royal College of Surgeons in Ireland,2025,,10.1021/acsnanoscienceau.5c00052,FALSE,,,,,,,,,,,,,,IReL ACS Agreement
University College Cork,2025,,10.1021/acsomega.5c04024,FALSE,,,,,,,,,,,,,,IReL ACS Agreement
University College Cork,2025,,10.1021/acssuschemeng.5c03053,TRUE,,,,,,,,,,,,,,IReL ACS Agreement
University of Galway,2025,,10.1021/jacs.5c08121,TRUE,,,,,,,,,,,,,,IReL ACS Agreement
Trinity College Dublin,2025,,10.1021/jacs.5c09511,TRUE,,,,,,,,,,,,,,IReL ACS Agreement
Trinity College Dublin,2025,,10.1021/jacsau.5c00502,FALSE,,,,,,,,,,,,,,IReL ACS Agreement
University College Dublin,2025,,10.1021/jacsau.5c00592,FALSE,,,,,,,,,,,,,,IReL ACS Agreement
University of Galway,2025,,10.1029/2025jc022567,TRUE,,,,,,,,,,,,,,IReL Wiley Agreement
University College Dublin,2025,,10.1038/s41366-025-01789-3,TRUE,,,,,,,,,,,,,,IReL Springer Agreement
University College Cork,2025,,10.1038/s41371-025-01019-3,TRUE,,,,,,,,,,,,,,IReL Springer Agreement
University College Cork,2025,,10.1038/s41372-025-02287-0,TRUE,,,,,,,,,,,,,,IReL Springer Agreement
Royal College of Surgeons in Ireland,2025,,10.1038/s41372-025-02295-0,TRUE,,,,,,,,,,,,,,IReL Springer Agreement
Trinity College Dublin,2025,,10.1038/s41390-025-04066-1,TRUE,,,,,,,,,,,,,,IReL Springer Agreement
Trinity College Dublin,2025,,10.1038/s41390-025-04129-3,TRUE,,,,,,,,,,,,,,IReL Springer Agreement
University College Cork,2025,,10.1038/s41390-025-04154-2,TRUE,,,,,,,,,,,,,,IReL Springer Agreement
Trinity College Dublin,2025,,10.1038/s41432-025-01157-0,TRUE,,,,,,,,,,,,,,IReL Springer Agreement
University College Cork,2025,,10.1038/s41432-025-01175-y,TRUE,,,,,,,,,,,,,,IReL Springer Agreement
Dublin City University,2025,,10.1039/d5cb00008d,TRUE,,,,,,,,,,,,,,IReL RSC Agreement
University of Limerick,2025,,10.1039/d5ce00385g,TRUE,,,,,,,,,,,,,,IReL RSC Agreement
Dublin City University,2025,,10.1039/d5dt01203a,TRUE,,,,,,,,,,,,,,IReL RSC Agreement
Trinity College Dublin,2025,,10.1039/d5fd00100e,TRUE,,,,,,,,,,,,,,IReL RSC Agreement
University of Galway,2025,,10.1039/d5me00065c,TRUE,,,,,,,,,,,,,,IReL RSC Agreement
Trinity College Dublin,2025,,10.1039/d5nr01217a,TRUE,,,,,,,,,,,,,,IReL RSC Agreement
University College Dublin,2025,,10.1039/d5ob00970g,TRUE,,,,,,,,,,,,,,IReL RSC Agreement
University College Dublin,2025,,10.1039/d5qo00770d,TRUE,,,,,,,,,,,,,,IReL RSC Agreement
University of Galway,2025,,10.1039/d5ra03133h,TRUE,,,,,,,,,,,,,,IReL RSC Agreement
University of Limerick,2025,,10.1039/d5ta03361f,TRUE,,,,,,,,,,,,,,IReL RSC Agreement
University College Dublin,2025,,10.1039/d5tb00588d,TRUE,,,,,,,,,,,,,,IReL RSC Agreement
University College Cork,2025,,10.1039/d5tb00848d,TRUE,,,,,,,,,,,,,,IReL RSC Agreement
Trinity College Dublin,2025,,10.1039/d5tc01562f,TRUE,,,,,,,,,,,,,,IReL RSC Agreement
University College Dublin,2025,,10.1057/s41304-025-00544-6,TRUE,,,,,,,,,,,,,,IReL Springer Agreement
University College Cork,2025,,10.1080/00131881.2025.2529240,TRUE,,,,,,,,,,,,,,IReL T&F Agreement
Trinity College Dublin,2025,,10.1080/0013838x.2025.2520756,TRUE,,,,,,,,,,,,,,IReL T&F Agreement
Trinity College Dublin,2025,,10.1080/00751634.2025.2528371,TRUE,,,,,,,,,,,,,,IReL T&F Agreement
University of Limerick,2025,,10.1080/0142159x.2025.2534074,TRUE,,,,,,,,,,,,,,IReL T&F Agreement
Dublin City University,2025,,10.1080/0161956x.2025.2535923,TRUE,,,,,,,,,,,,,,IReL T&F Agreement
Trinity College Dublin,2025,,10.1080/01677063.2025.2537054,TRUE,,,,,,,,,,,,,,IReL T&F Agreement
University College Dublin,2025,,10.1080/02188791.2025.2527633,TRUE,,,,,,,,,,,,,,IReL T&F Agreement
University College Dublin,2025,,10.1080/02626667.2025.2536013,TRUE,,,,,,,,,,,,,,IReL T&F Agreement
University College Dublin,2025,,10.1080/02635143.2025.2533182,TRUE,,,,,,,,,,,,,,IReL T&F Agreement
Mary Immaculate College,2025,,10.1080/02667363.2025.2528615,TRUE,,,,,,,,,,,,,,IReL T&F Agreement
University of Limerick,2025,,10.1080/0267257x.2025.2526485,TRUE,,,,,,,,,,,,,,IReL T&F Agreement
University College Cork,2025,,10.1080/02673037.2025.2540360,TRUE,,,,,,,,,,,,,,IReL T&F Agreement
Technological University Dublin,2025,,10.1080/03043797.2025.2527405,TRUE,,,,,,,,,,,,,,IReL T&F Agreement
Technological University of the Shannon: Midlands Midwest,2025,,10.1080/03323315.2025.2523301,TRUE,,,,,,,,,,,,,,IReL T&F Agreement
Dublin City University,2025,,10.1080/03323315.2025.2538041,TRUE,,,,,,,,,,,,,,IReL T&F Agreement
University College Cork,2025,,10.1080/05704928.2025.2525817,TRUE,,,,,,,,,,,,,,IReL T&F Agreement
University College Dublin,2025,,10.1080/07325223.2025.2528712,TRUE,,,,,,,,,,,,,,IReL T&F Agreement
Dublin City University,2025,,10.1080/08856257.2025.2529010,TRUE,,,,,,,,,,,,,,IReL T&F Agreement
Trinity College Dublin,2025,,10.1080/09515089.2025.2536604,TRUE,,,,,,,,,,,,,,IReL T&F Agreement
Royal College of Surgeons in Ireland,2025,,10.1080/09638288.2025.2527350,TRUE,,,,,,,,,,,,,,IReL T&F Agreement
University College Dublin,2025,,10.1080/09650792.2025.2535722,TRUE,,,,,,,,,,,,,,IReL T&F Agreement
Dublin City University,2025,,10.1080/10476210.2025.2525166,TRUE,,,,,,,,,,,,,,IReL T&F Agreement
Trinity College Dublin,2025,,10.1080/10530789.2025.2528272,TRUE,,,,,,,,,,,,,,IReL T&F Agreement
University College Cork,2025,,10.1080/1350178x.2025.2535369,TRUE,,,,,,,,,,,,,,IReL T&F Agreement
Technological University Dublin,2025,,10.1080/1350293x.2025.2541327,TRUE,,,,,,,,,,,,,,IReL T&F Agreement
Atlantic Technological University,2025,,10.1080/13573322.2025.2528906,TRUE,,,,,,,,,,,,,,IReL T&F Agreement
Maynooth University,2025,,10.1080/13600834.2025.2533042,TRUE,,,,,,,,,,,,,,IReL T&F Agreement
University of Limerick,2025,,10.1080/1360144x.2025.2538626,TRUE,,,,,,,,,,,,,,IReL T&F Agreement
University College Dublin,2025,,10.1080/13645706.2025.2530451,TRUE,,,,,,,,,,,,,,IReL T&F Agreement
Dublin City University,2025,,10.1080/13670050.2025.2528968,TRUE,,,,,,,,,,,,,,IReL T&F Agreement
Trinity College Dublin,2025,,10.1080/1369801x.2025.2498361,TRUE,,,,,,,,,,,,,,IReL T&F Agreement
University College Dublin,2025,,10.1080/13698230.2025.2535865,TRUE,,,,,,,,,,,,,,IReL T&F Agreement
University of Limerick,2025,,10.1080/15298868.2025.2526465,TRUE,,,,,,,,,,,,,,IReL T&F Agreement
Mary Immaculate College,2025,,10.1080/15548732.2025.2538018,TRUE,,,,,,,,,,,,,,IReL T&F Agreement
University College Dublin,2025,,10.1080/15622975.2025.2530000,TRUE,,,,,,,,,,,,,,IReL T&F Agreement
University of Galway,2025,,10.1080/17437199.2025.2534001,TRUE,,,,,,,,,,,,,,IReL T&F Agreement
Trinity College Dublin,2025,,10.1080/21678421.2025.2527877,TRUE,,,,,,,,,,,,,,IReL T&F Agreement
Trinity College Dublin,2025,,10.1080/23748834.2025.2520112,TRUE,,,,,,,,,,,,,,IReL T&F Agreement
Dublin City University,2025,,10.1080/24733938.2025.2534455,TRUE,,,,,,,,,,,,,,IReL T&F Agreement
Maynooth University,2025,,10.1093/arbint/aiaf013,TRUE,,,,,,,,,,,,,,IReL OUP Agreement
Dublin Institute for Advanced Studies,2025,,10.1093/bics/qbaf004,TRUE,,,,,,,,,,,,,,IReL OUP Agreement
University College Dublin,2024,,10.1093/ced/llae324,TRUE,,,,,,,,,,,,,,IReL OUP Agreement
Trinity College Dublin,2025,,10.1093/dote/doaf054,TRUE,,,,,,,,,,,,,,IReL OUP Agreement
University College Cork,2025,,10.1093/ecco-jcc/jjaf108,TRUE,,,,,,,,,,,,,,IReL OUP Agreement
Royal College of Surgeons in Ireland,2025,,10.1093/fampra/cmaf056,TRUE,,,,,,,,,,,,,,IReL OUP Agreement
Trinity College Dublin,2024,,10.1093/frebul/ktae022,TRUE,,,,,,,,,,,,,,IReL OUP Agreement
University of Limerick,2025,,10.1093/heapro/daaf062,TRUE,,,,,,,,,,,,,,IReL OUP Agreement
University of Galway,2025,,10.1093/jdh/epaf005,TRUE,,,,,,,,,,,,,,IReL OUP Agreement
Trinity College Dublin,2025,,10.1093/jiplp/jpaf048,TRUE,,,,,,,,,,,,,,IReL OUP Agreement
University of Galway,2025,,10.1093/mam/ozaf056,TRUE,,,,,,,,,,,,,,IReL OUP Agreement
Trinity College Dublin,2025,,10.1098/rstb.2024.0277,TRUE,,,,,,,,,,,,,,IReL RS Agreement
Trinity College Dublin,2025,,10.1098/rstb.2024.0279,TRUE,,,,,,,,,,,,,,IReL RS Agreement
University of Galway,2025,,10.1099/mgen.0.001439,FALSE,,,,,,,,,,,,,,IReL Microbiology Society Agreement
University of Galway,2025,,10.1099/mic.0.001587,FALSE,,,,,,,,,,,,,,IReL Microbiology Society Agreement
Trinity College Dublin,2025,,10.1103/3msj-9qgb,TRUE,,,,,,,,,,,,,,IReL AmericanPhysicalSociety Agreement
University of Limerick,2025,,10.1103/gbms-12x3,TRUE,,,,,,,,,,,,,,IReL AmericanPhysicalSociety Agreement
Trinity College Dublin,2025,,10.1103/kh96-ct3y,TRUE,,,,,,,,,,,,,,IReL AmericanPhysicalSociety Agreement
University of Limerick,2025,,10.1103/physreve.111.054310,TRUE,,,,,,,,,,,,,,IReL AmericanPhysicalSociety Agreement
Trinity College Dublin,2025,,10.1103/physreve.111.064107,TRUE,,,,,,,,,,,,,,IReL AmericanPhysicalSociety Agreement
Trinity College Dublin,2025,,10.1103/physrevlett.134.220402,TRUE,,,,,,,,,,,,,,IReL AmericanPhysicalSociety Agreement
Trinity College Dublin,2025,,10.1103/yzfd-jqvx,TRUE,,,,,,,,,,,,,,IReL AmericanPhysicalSociety Agreement
University of Galway,2025,,10.1109/access.2025.3585454,FALSE,,,,,,,,,,,,,,IReL IEEE Agreement
Dublin City University,2025,,10.1109/access.2025.3587977,FALSE,,,,,,,,,,,,,,IReL IEEE Agreement
University College Cork,2025,,10.1109/access.2025.3588780,FALSE,,,,,,,,,,,,,,IReL IEEE Agreement
Trinity College Dublin,2025,,10.1109/access.2025.3589024,FALSE,,,,,,,,,,,,,,IReL IEEE Agreement
Dublin City University,2025,,10.1109/access.2025.3592240,FALSE,,,,,,,,,,,,,,IReL IEEE Agreement
University of Galway,2025,,10.1109/access.2025.3594875,FALSE,,,,,,,,,,,,,,IReL IEEE Agreement
University of Galway,2025,,10.1109/jsen.2025.3589977,TRUE,,,,,,,,,,,,,,IReL IEEE Agreement
Maynooth University,2025,,10.1109/led.2025.3584276,TRUE,,,,,,,,,,,,,,IReL IEEE Agreement
University of Galway,2025,,10.1109/ojcoms.2025.3575463,FALSE,,,,,,,,,,,,,,IReL IEEE Agreement
University College Dublin,2025,,10.1109/ojcoms.2025.3586199,FALSE,,,,,,,,,,,,,,IReL IEEE Agreement
University College Dublin,2025,,10.1109/ojcoms.2025.3591842,FALSE,,,,,,,,,,,,,,IReL IEEE Agreement
University College Dublin,2025,,10.1109/ojcoms.2025.3594049,FALSE,,,,,,,,,,,,,,IReL IEEE Agreement
University of Galway,2025,,10.1109/ojvt.2025.3591210,FALSE,,,,,,,,,,,,,,IReL IEEE Agreement
University College Dublin,2025,,10.1109/tcsi.2025.3585462,TRUE,,,,,,,,,,,,,,IReL IEEE Agreement
University College Dublin,2025,,10.1109/tcsii.2025.3584351,TRUE,,,,,,,,,,,,,,IReL IEEE Agreement
Trinity College Dublin,2025,,10.1109/tgcn.2025.3587144,TRUE,,,,,,,,,,,,,,IReL IEEE Agreement
Maynooth University,2025,,10.1109/tia.2025.3591586,TRUE,,,,,,,,,,,,,,IReL IEEE Agreement
Technological University Dublin,2025,,10.1109/tsusc.2025.3592043,TRUE,,,,,,,,,,,,,,IReL IEEE Agreement
University College Cork,2025,,10.1111/1460-6984.70079,TRUE,,,,,,,,,,,,,,IReL Wiley Agreement
University of Galway,2025,,10.1111/1460-6984.70090,TRUE,,,,,,,,,,,,,,IReL Wiley Agreement
University of Limerick,2025,,10.1111/1460-6984.70098,TRUE,,,,,,,,,,,,,,IReL Wiley Agreement
University College Cork,2025,,10.1111/1541-4337.70223,TRUE,,,,,,,,,,,,,,IReL Wiley Agreement
Dublin City University,2025,,10.1111/2047-8852.70014,TRUE,,,,,,,,,,,,,,IReL Wiley Agreement
University of Limerick,2025,,10.1111/bjhp.70009,TRUE,,,,,,,,,,,,,,IReL Wiley Agreement
Trinity College Dublin,2025,,10.1111/bld.12659,TRUE,,,,,,,,,,,,,,IReL Wiley Agreement
University College Cork,2025,,10.1111/chso.12995,TRUE,,,,,,,,,,,,,,IReL Wiley Agreement
University College Cork,2025,,10.1111/cup.14837,TRUE,,,,,,,,,,,,,,IReL Wiley Agreement
Trinity College Dublin,2025,,10.1111/dom.16648,TRUE,,,,,,,,,,,,,,IReL Wiley Agreement
Trinity College Dublin,2025,,10.1111/eje.70004,TRUE,,,,,,,,,,,,,,IReL Wiley Agreement
Teagasc,2025,,10.1111/ejss.70153,TRUE,,,,,,,,,,,,,,IReL Wiley Agreement
Trinity College Dublin,2025,,10.1111/exsy.70104,TRUE,,,,,,,,,,,,,,IReL Wiley Agreement
Technological University Dublin,2025,,10.1111/gec3.70042,TRUE,,,,,,,,,,,,,,IReL Wiley Agreement
University of Limerick,2025,,10.1111/gwao.70012,TRUE,,,,,,,,,,,,,,IReL Wiley Agreement
Royal College of Surgeons in Ireland,2025,,10.1111/hae.70089,TRUE,,,,,,,,,,,,,,IReL Wiley Agreement
University College Dublin,2025,,10.1111/hex.70359,FALSE,,,,,,,,,,,,,,IReL Wiley Agreement
Trinity College Dublin,2025,,10.1111/imcb.70049,TRUE,,,,,,,,,,,,,,IReL Wiley Agreement
University of Limerick,2025,,10.1111/ipd.70016,TRUE,,,,,,,,,,,,,,IReL Wiley Agreement
University of Limerick,2025,,10.1111/irj.70002,TRUE,,,,,,,,,,,,,,IReL Wiley Agreement
University of Limerick,2025,,10.1111/irj.70006,TRUE,,,,,,,,,,,,,,IReL Wiley Agreement
University of Galway,2025,,10.1111/iwj.70728,FALSE,,,,,,,,,,,,,,IReL Wiley Agreement
Trinity College Dublin,2025,,10.1111/jan.70122,TRUE,,,,,,,,,,,,,,IReL Wiley Agreement
Trinity College Dublin,2025,,10.1111/jir.70013,TRUE,,,,,,,,,,,,,,IReL Wiley Agreement
Trinity College Dublin,2025,,10.1111/jir.70018,TRUE,,,,,,,,,,,,,,IReL Wiley Agreement
University College Dublin,2025,,10.1111/jmcb.13260,TRUE,,,,,,,,,,,,,,IReL Wiley Agreement
University of Galway,2025,,10.1111/jocn.17794,TRUE,,,,,,,,,,,,,,IReL Wiley Agreement
Trinity College Dublin,2025,,10.1111/jors.70003,TRUE,,,,,,,,,,,,,,IReL Wiley Agreement
Maynooth University,2025,,10.1111/jppi.70016,TRUE,,,,,,,,,,,,,,IReL Wiley Agreement
University College Dublin,2025,,10.1111/jsr.70152,TRUE,,,,,,,,,,,,,,IReL Wiley Agreement
University College Dublin,2025,,10.1111/obr.70004,TRUE,,,,,,,,,,,,,,IReL Wiley Agreement
University of Limerick,2025,,10.1111/pops.70061,TRUE,,,,,,,,,,,,,,IReL Wiley Agreement
University College Dublin,2025,,10.1111/radm.70009,TRUE,,,,,,,,,,,,,,IReL Wiley Agreement
Trinity College Dublin,2025,,10.1111/scs.70086,TRUE,,,,,,,,,,,,,,IReL Wiley Agreement
University College Dublin,2025,,10.1111/tct.70146,TRUE,,,,,,,,,,,,,,IReL Wiley Agreement
University of Galway,2025,,10.1111/wrr.70072,TRUE,,,,,,,,,,,,,,IReL Wiley Agreement
University College Dublin,2025,,10.1113/jp289360,TRUE,,,,,,,,,,,,,,IReL Wiley Agreement
University of Galway,2025,,10.1136/jnis-2025-023658,TRUE,,,,,,,,,,,,,,IReL BMJ Agreement
University College Cork,2025,,10.1145/3711065,TRUE,,,,,,,,,,,,,,IReL ACM Agreement
University College Cork,2025,,10.1145/3711080,TRUE,,,,,,,,,,,,,,IReL ACM Agreement
Trinity College Dublin,2025,,10.1145/3721285,TRUE,,,,,,,,,,,,,,IReL ACM Agreement
University College Cork,2025,,10.1145/3722236,TRUE,,,,,,,,,,,,,,IReL ACM Agreement
University College Dublin,2025,,10.1145/3723037,TRUE,,,,,,,,,,,,,,IReL ACM Agreement
University College Cork,2025,,10.1145/3729392,TRUE,,,,,,,,,,,,,,IReL ACM Agreement
University College Cork,2025,,10.1145/3729393,TRUE,,,,,,,,,,,,,,IReL ACM Agreement
University College Dublin,2025,,10.1145/3733241,TRUE,,,,,,,,,,,,,,IReL ACM Agreement
University College Dublin,2025,,10.1145/3736178,TRUE,,,,,,,,,,,,,,IReL ACM Agreement
Trinity College Dublin,2025,,10.1145/3736779,TRUE,,,,,,,,,,,,,,IReL ACM Agreement
Atlantic Technological University,2025,,10.1155/aess/5051873,FALSE,,,,,,,,,,,,,,IReL Wiley Agreement
Dublin City University,2025,,10.1155/prm/4608906,FALSE,,,,,,,,,,,,,,IReL Wiley Agreement
University College Cork,2025,,10.1177/00302228251364180,TRUE,,,,,,,,,,,,,,IReL Sage Agreement
University College Dublin,2025,,10.1177/01708406251362918,TRUE,,,,,,,,,,,,,,IReL Sage Agreement
Dublin City University,2025,,10.1177/02692163251353006,TRUE,,,,,,,,,,,,,,IReL Sage Agreement
University College Cork,2025,,10.1177/07916035251360107,TRUE,,,,,,,,,,,,,,IReL Sage Agreement
Trinity College Dublin,2025,,10.1177/08465371251355866,TRUE,,,,,,,,,,,,,,IReL Sage Agreement
Mary Immaculate College,2025,,10.1177/09579265251354856,TRUE,,,,,,,,,,,,,,IReL Sage Agreement
Trinity College Dublin,2025,,10.1177/09589287251356966,TRUE,,,,,,,,,,,,,,IReL Sage Agreement
University College Dublin,2025,,10.1177/09596801251359526,TRUE,,,,,,,,,,,,,,IReL Sage Agreement
University of Limerick,2025,,10.1177/10283153251356217,TRUE,,,,,,,,,,,,,,IReL Sage Agreement
Maynooth University,2025,,10.1177/13505076251349120,TRUE,,,,,,,,,,,,,,IReL Sage Agreement
Dublin City University,2025,,10.1177/13505084251347519,TRUE,,,,,,,,,,,,,,IReL Sage Agreement
Maynooth University,2025,,10.1177/14614448251338280,TRUE,,,,,,,,,,,,,,IReL Sage Agreement
Dublin City University,2025,,10.1177/14614448251348251,TRUE,,,,,,,,,,,,,,IReL Sage Agreement
Dublin City University,2025,,10.1177/14740222251360103,TRUE,,,,,,,,,,,,,,IReL Sage Agreement
Maynooth University,2025,,10.1177/14773708251355560,TRUE,,,,,,,,,,,,,,IReL Sage Agreement
South East Technological University,2025,,10.1177/17479541251362409,TRUE,,,,,,,,,,,,,,IReL Sage Agreement
University College Cork,2025,,10.1177/27725383251355399,TRUE,,,,,,,,,,,,,,IReL Sage Agreement
University College Dublin,2025,,10.1192/bja.2025.10116,TRUE,,,,,,,,,,,,,,IReL CUP Agreement
Trinity College Dublin,2025,,10.1353/bae.2025.a959408,TRUE,,,,,,,,,,,,,,IReL RIA Agreement
Dublin City University,2025,,10.1353/isia.2025.a962916,TRUE,,,,,,,,,,,,,,IReL RIA Agreement
University of Limerick,2024,,10.1353/ria.0.a944592,TRUE,,,,,,,,,,,,,,IReL RIA Agreement
Maynooth University,2025,,10.1353/ria.0.a952324,TRUE,,,,,,,,,,,,,,IReL RIA Agreement
University College Dublin,2025,,10.1353/ria.0.a959492,TRUE,,,,,,,,,,,,,,IReL RIA Agreement
Maynooth University,2025,,10.1364/oe.546629,FALSE,,,,,,,,,,,,,,IReL Optica Agreement
University College Dublin,2025,,10.1371/journal.pcbi.1013164,FALSE,,,,,,,,,,,,,,IReL PLOS Agreement
University of Limerick,2025,,10.1371/journal.pone.0325086,FALSE,,,,,,,,,,,,,,IReL PLOS Agreement
University College Dublin,2025,,10.1371/journal.pone.0325927,FALSE,,,,,,,,,,,,,,IReL PLOS Agreement
University College Dublin,2025,,10.1371/journal.pone.0326567,FALSE,,,,,,,,,,,,,,IReL PLOS Agreement
University College Dublin,2025,,10.1371/journal.pone.0326790,FALSE,,,,,,,,,,,,,,IReL PLOS Agreement
University College Cork,2025,,10.1371/journal.pone.0327129,FALSE,,,,,,,,,,,,,,IReL PLOS Agreement
University of Limerick,2025,,10.1371/journal.pone.0327253,FALSE,,,,,,,,,,,,,,IReL PLOS Agreement
Dublin City University,2025,,10.1371/journal.pone.0327373,FALSE,,,,,,,,,,,,,,IReL PLOS Agreement
Trinity College Dublin,2025,,10.3758/s13428-025-02727-x,TRUE,,,,,,,,,,,,,,IReL Springer Agreement
University of Limerick,2025,,10.1021/acsomega.5c04230,FALSE,,,,,,,,,,,,,,IReL ACS Agreement
Royal College of Surgeons in Ireland,2025,,10.1021/acs.macromol.5c01310,TRUE,,,,,,,,,,,,,,IReL ACS Agreement
Maynooth University,2025,,10.1021/acsaem.5c02096,TRUE,,,,,,,,,,,,,,IReL ACS Agreement
Royal College of Surgeons in Ireland,2025,,10.1021/acsbiomaterials.5c00365,TRUE,,,,,,,,,,,,,,IReL ACS Agreement
University College Dublin,2025,,10.1017/jea.2025.7,FALSE,,,,,,,,,,,,,,IReL CUP Agreement
Trinity College Dublin,2025,,10.1093/ageing/afaf164,TRUE,,,,,,,,,,,,,,IReL OUP Agreement
University College Cork,2025,,10.1136/leader-2025-001257,TRUE,,,,,,,,,,,,,,IReL BMJ Agreement
