institution,period,euro,doi,is_hybrid,colour charge,cover charge,page charge,permission,reprint,submission fee,payment fee,other
DLR,2024,2080.0,10.1002/admi.202400393,False,,,,,,,,
DLR,2024,4512.0,10.1002/advs.202415436,False,,,,,,,,
DLR,2024,2360.0,10.1002/aesr.202400252,False,,,,,,,,
DLR,2024,1680.0,10.1002/celc.202400056,False,,,,,,,,
DLR,2024,1664.0,10.1002/elsa.202400036,False,,,,,,,,
DLR,2024,1544.0,10.1002/ese3.2018,False,,,,,,,,
DLR,2024,3832.0,10.1002/smsc.202300298,False,,,,,,,,
DLR,2024,1832.0,10.1007/s10055-024-01008-w,False,,,,,,,,
DLR,2024,2712.0,10.1007/s10980-024-01804-4,True,,,,,,,,
DLR,2024,1356.6,10.1007/s43926-024-00067-4,False,,,,,,,,
DLR,2024,902.52,10.1007/s44205-024-00094-x,True,,,,,,,,
DLR,2024,1208.0,10.1016/j.aeaoa.2024.100298,False,,,,,,,,
DLR,2024,460.0,10.1016/j.dib.2023.109019,False,,,,,,,,
DLR,2024,696.0,10.1016/j.dib.2025.111333,False,,,,,,,,
DLR,2024,1832.0,10.1016/j.ecmx.2024.100611,False,,,,,,,,
DLR,2024,1864.0,10.1016/j.ecmx.2024.100656,False,,,,,,,,
DLR,2024,1992.0,10.1016/j.ecmx.2024.100806,False,,,,,,,,
DLR,2024,1848.0,10.1016/j.egyr.2024.02.015,False,,,,,,,,
DLR,2024,1944.0,10.1016/j.egyr.2024.03.053,False,,,,,,,,
DLR,2024,1944.0,10.1016/j.egyr.2024.06.052,False,,,,,,,,
DLR,2024,1968.0,10.1016/j.egyr.2024.11.013,False,,,,,,,,
DLR,2024,1968.0,10.1016/j.egyr.2024.12.028,False,,,,,,,,
DLR,2024,1722.0,10.1016/j.egyr.2024.12.039,False,,,,,,,,
DLR,2024,1968.0,10.1016/j.egyr.2024.12.065,False,,,,,,,,
DLR,2024,2600.0,10.1016/j.esr.2024.101606,False,,,,,,,,
DLR,2024,1880.0,10.1016/j.heliyon.2024.e23974,False,,,,,,,,
DLR,2024,1504.0,10.1016/j.heliyon.2024.e25856,False,,,,,,,,
DLR,2024,1504.0,10.1016/j.heliyon.2024.e25966,False,,,,,,,,
DLR,2024,1000.0,10.1016/j.idm.2024.12.015,False,,,,,,,,
DLR,2024,2496.0,10.1016/j.ijepes.2024.110447,False,,,,,,,,
DLR,2024,2190.0,10.1016/j.jag.2023.103571,False,,,,,,,,
DLR,2024,1520.0,10.1016/j.jcomc.2024.100450,False,,,,,,,,
DLR,2024,1520.0,10.1016/j.jcomc.2024.100460,False,,,,,,,,
DLR,2024,1090.0,10.1016/j.jnlssr.2024.07.001,False,,,,,,,,
DLR,2024,3750.0,10.1016/j.jpowsour.2023.233835,True,,,,,,,,
DLR,2024,2740.0,10.1016/j.matdes.2023.112514,False,,,,,,,,
DLR,2024,2296.0,10.1016/j.matdes.2024.112757,False,,,,,,,,
DLR,2024,2296.0,10.1016/j.matdes.2024.113122,False,,,,,,,,
DLR,2024,2336.0,10.1016/j.matdes.2024.113578,False,,,,,,,,
DLR,2024,2456.0,10.1016/j.matdes.2025.113627,False,,,,,,,,
DLR,2024,2480.0,10.1016/j.optlastec.2023.109915,True,,,,,,,,
DLR,2024,1092.0,10.1016/j.pdisas.2025.100405,False,,,,,,,,
DLR,2024,1200.0,10.1016/j.rineng.2024.103781,False,,,,,,,,
DLR,2024,3840.0,10.1016/j.scs.2023.105075,True,,,,,,,,
DLR,2024,696.0,10.1016/j.softx.2024.101700,False,,,,,,,,
DLR,2024,2500.0,10.1016/j.solener.2024.112546,True,,,,,,,,
DLR,2024,3920.0,10.1016/j.solmat.2023.112677,True,,,,,,,,
DLR,2024,2100.0,10.1016/j.tcs.2023.114369,True,,,,,,,,
DLR,2024,1896.0,10.1016/j.treng.2025.100310,False,,,,,,,,
DLR,2024,888.0,10.1016/j.trip.2024.101059,False,,,,,,,,
DLR,2024,1176.0,10.1016/j.trip.2024.101107,False,,,,,,,,
DLR,2024,968.0,10.1016/j.trip.2024.101171,False,,,,,,,,
DLR,2024,1176.0,10.1016/j.trip.2024.101221,False,,,,,,,,
DLR,2024,1096.0,10.1016/j.urbmob.2024.100090,False,,,,,,,,
DLR,2024,1440.0,10.1029/2023ea003447,False,,,,,,,,
DLR,2024,1840.0,10.1029/2023gc011114,False,,,,,,,,
DLR,2024,1960.0,10.1029/2023gl107445,False,,,,,,,,
DLR,2024,1517.0,10.1029/2023ms003763,False,,,,,,,,
DLR,2024,1936.0,10.1029/2023sw003743,True,,,,,,,,
DLR,2024,1440.0,10.1029/2024ea003541,False,,,,,,,,
DLR,2024,1960.0,10.1029/2024gl108600,False,,,,,,,,
DLR,2024,1960.0,10.1029/2024gl109601,False,,,,,,,,
DLR,2024,1960.0,10.1029/2024gl110583,False,,,,,,,,
DLR,2024,1960.0,10.1029/2024gl110622,False,,,,,,,,
DLR,2024,1960.0,10.1029/2024gl112885,False,,,,,,,,
DLR,2024,1960.0,10.1029/2024gl113037,False,,,,,,,,
DLR,2024,2080.0,10.1029/2024jh000123,True,,,,,,,,
DLR,2024,1744.0,10.1029/2024ms004398,False,,,,,,,,
DLR,2024,2032.0,10.1029/2024sw004095,False,,,,,,,,
DLR,2024,5022.48,10.1038/s41467-024-51019-z,False,,,,,,,,
DLR,2024,5022.48,10.1038/s41467-024-53780-7,False,,,,,,,,
DLR,2024,2680.65,10.1038/s41526-023-00342-8,False,,,,,,,,
DLR,2024,2774.47,10.1038/s41526-024-00361-z,False,,,,,,,,
DLR,2024,2774.47,10.1038/s41526-024-00402-7,False,,,,,,,,
DLR,2024,2774.47,10.1038/s41526-024-00447-8,False,,,,,,,,
DLR,2024,2774.47,10.1038/s41526-024-00448-7,False,,,,,,,,
DLR,2024,9500.0,10.1038/s41586-024-07927-7,True,,,,,,,,
DLR,2024,9975.0,10.1038/s41586-024-08565-9,True,,,,,,,,
DLR,2024,1801.6,10.1038/s41597-024-03328-7,False,,,,,,,,
DLR,2024,1740.68,10.1038/s41598-023-50726-9,False,,,,,,,,
DLR,2024,1801.6,10.1038/s41598-024-51341-y,False,,,,,,,,
DLR,2024,1801.6,10.1038/s41598-024-53852-0,False,,,,,,,,
DLR,2024,1801.6,10.1038/s41598-024-56513-4,False,,,,,,,,
DLR,2024,1801.6,10.1038/s41598-024-61494-5,False,,,,,,,,
DLR,2024,1801.6,10.1038/s41598-024-63915-x,False,,,,,,,,
DLR,2024,1801.6,10.1038/s41598-024-69977-1,False,,,,,,,,
DLR,2024,1801.6,10.1038/s41598-024-79048-0,False,,,,,,,,
DLR,2024,1864.65,10.1038/s41598-025-87768-0,False,,,,,,,,
DLR,2024,2295.04,10.1038/s43247-024-01423-6,False,,,,,,,,
DLR,2024,2295.04,10.1038/s43247-024-01698-9,False,,,,,,,,
DLR,2024,3417.0,10.1039/d4gc00711e,True,,,,,,,,
DLR,2024,2400.0,10.1039/d4ma00678j,False,,,,,,,,
DLR,2024,270.0,10.1051/aacus/2023009,False,,,,,,,,
DLR,2024,960.0,10.1051/swsc/2024016,False,,,,,,,,
DLR,2024,1000.0,10.1051/swsc/2024023,False,,,,,,,,
DLR,2024,960.0,10.1051/swsc/2024028,False,,,,,,,,
DLR,2024,960.0,10.1051/swsc/2024029,False,,,,,,,,
DLR,2024,1500.0,10.1063/5.0147567,False,,,,,,,,
DLR,2024,2545.26,10.1063/5.0205058,False,,,,,,,,
DLR,2024,1793.0,10.1080/14786451.2024.2433580,False,,,,,,,,
DLR,2024,2142.0,10.1080/15481603.2024.2364461,False,,,,,,,,
DLR,2024,2142.0,10.1080/15481603.2024.2387385,False,,,,,,,,
DLR,2024,2520.0,10.1080/17538947.2023.2278714,False,,,,,,,,
DLR,2024,1160.0,10.1080/21693277.2023.2279709,False,,,,,,,,
DLR,2024,3342.93,10.1089/ast.2023.0057,True,,,,,,,,
DLR,2024,2634.6,10.1103/physrevapplied.23.014020,True,,,,,,,,
DLR,2024,2675.0,10.1103/physrevresearch.6.033092,False,,,,,,,,
DLR,2024,2491.53,10.1103/physrevresearch.6.033103,False,,,,,,,,
DLR,2024,2557.51,10.1103/physrevresearch.6.033257,False,,,,,,,,
DLR,2024,2634.6,10.1103/physrevresearch.6.043254,False,,,,,,,,
DLR,2024,245.0,10.1103/physrevresearch.6.l032056,False,,,,,,,,
DLR,2024,2582.72,10.1103/physrevresearch.7.013078,False,,,,,,,,
DLR,2024,2652.24,10.1103/physrevresearch.7.013090,False,,,,,,,,
DLR,2024,1430.67,10.1109/access.2023.3347197,False,,,,,,,,
DLR,2024,1430.67,10.1109/access.2024.3412914,False,,,,,,,,
DLR,2024,1430.67,10.1109/access.2024.3416491,False,,,,,,,,
DLR,2024,1430.67,10.1109/access.2024.3431950,False,,,,,,,,
DLR,2024,1124.89,10.1109/jsen.2024.3411707,True,,,,,,,,
DLR,2024,1430.67,10.1109/jstars.2024.3359636,False,,,,,,,,
DLR,2024,1158.56,10.1109/jstars.2024.3361183,False,,,,,,,,
DLR,2024,1151.5,10.1109/jstars.2024.3371909,False,,,,,,,,
DLR,2024,1496.0,10.1109/jstars.2024.3412369,False,,,,,,,,
DLR,2024,1496.0,10.1109/jstars.2024.3419573,False,,,,,,,,
DLR,2024,1430.67,10.1109/jstars.2024.3420155,False,,,,,,,,
DLR,2024,1371.54,10.1109/jstars.2024.3421670,False,,,,,,,,
DLR,2024,1430.67,10.1109/jstars.2024.3457231,False,,,,,,,,
DLR,2024,1408.48,10.1109/jstars.2024.3514734,False,,,,,,,,
DLR,2024,1431.85,10.1109/jstars.2024.3519701,False,,,,,,,,
DLR,2024,1437.73,10.1109/jstars.2024.3521123,False,,,,,,,,
DLR,2024,2166.08,10.1109/lgrs.2024.3356160,True,,,368.6,,,,,
DLR,2024,2142.73,10.1109/lgrs.2024.3372654,True,,,420.32,,,,,
DLR,2024,2198.34,10.1109/lgrs.2024.3402362,True,,,,,,,,
DLR,2024,2329.28,10.1109/lgrs.2024.3411064,True,,,429.47,,,,,
DLR,2024,2291.09,10.1109/lgrs.2024.3431023,True,,,369.11,,,,,
DLR,2024,2366.5,10.1109/lgrs.2024.3461229,True,,,424.08,,,,,
DLR,2024,1902.58,10.1109/lgrs.2024.3510433,True,,,381.28,,,,,
DLR,2024,1844.73,10.1109/lra.2024.3475914,True,,,323.47,,,,,
DLR,2024,1430.67,10.1109/oajpe.2024.3422387,False,,,,,,,,
DLR,2024,1430.67,10.1109/ojim.2024.3396843,False,,,,,,,,
DLR,2024,1846.0,10.1109/ojits.2024.3515270,False,,,,,,,,
DLR,2024,2303.79,10.1109/taes.2024.3423029,True,,,1833.18,,,,,
DLR,2024,619.66,10.1109/tci.2024.3366754,True,,,,,,,,
DLR,2024,2164.68,10.1109/tgrs.2024.3355149,True,,,2335.46,,,,,
DLR,2024,2150.78,10.1109/tgrs.2024.3373908,True,,,2320.46,,,,,
DLR,2024,2099.0,10.1109/tgrs.2024.3419582,True,,,2526.08,,,,,
DLR,2024,2153.35,10.1109/tgrs.2024.3430084,True,,,2334.59,,,,,
DLR,2024,2260.58,10.1109/tgrs.2024.3440628,True,,,1081.96,,,,,
DLR,2024,2248.17,10.1109/tgrs.2024.3486328,True,,,1973.12,,,,,
DLR,2024,2244.45,10.1109/tgrs.2024.3497572,True,,,1320.85,,,,,
DLR,2024,927.0,10.1109/tgrs.2024.3520387,True,,,954.02,,,,,
DLR,2024,1976.0,10.1113/ep092263,False,,,,,,,,
DLR,2024,1408.32,10.1115/1.4065868,True,,,,,,,,
DLR,2024,1358.7,10.1115/1.4066186,True,1268.11,,,,,,,
DLR,2024,1358.7,10.1115/1.4066436,True,,,,,,,,
DLR,2024,1350.14,10.1115/1.4067687,True,,,,,,,,
DLR,2024,1106.46,10.1121/10.0024994,False,,,,,,,,
DLR,2024,817.65,10.1127/metz/2024/1178,False,,,,,,,,
DLR,2024,1532.1,10.1140/epjqt/s40507-025-00307-8,False,,,,,,,,
DLR,2024,1734.0,10.1155/2024/8812115,False,,,,,,,,
DLR,2024,1596.0,10.1155/2024/9927275,True,,,,,,,,
DLR,2024,1784.0,10.1155/er/4460462,False,,,,,,,,
DLR,2024,2400.0,10.1161/jaha.124.034800,False,,,,,,,,
DLR,2024,1200.0,10.1175/jas-d-23-0217.1,True,,,,,,,,
DLR,2024,1200.0,10.1175/jas-d-24-0037.1,True,,,,,,,,
DLR,2024,693.25,10.1177/26349833241237244,False,,,,,,,,
DLR,2024,1101.62,10.1186/s12544-024-00638-0,False,,,,,,,,
DLR,2024,1101.62,10.1186/s12544-024-00652-2,False,,,,,,,,
DLR,2024,1377.02,10.1186/s12544-024-00703-8,False,,,,,,,,
DLR,2024,1121.94,10.1186/s13634-024-01172-w,False,,,,,,,,
DLR,2024,1354.06,10.1186/s13705-024-00506-8,False,,,,,,,,
DLR,2024,2183.75,10.1364/jocn.518004,True,,,,,,,32.32,
DLR,2024,2218.99,10.1364/jocn.518271,True,,,,,,,32.94,
DLR,2024,2135.07,10.1364/jocn.533374,True,,,,,,,32.07,
DLR,2024,2854.35,10.1371/journal.pcbi.1012630,False,,,,,,,,
DLR,2024,2671.76,10.1615/intjenergeticmaterialschemprop.2025047712,True,,,,,,,,
DLR,2024,450.0,10.22331/q-2024-07-22-1420,False,,,,,,,,
DLR,2024,2480.92,10.2514/1.a36174,True,,,,,,,,
DLR,2024,2301.39,10.2514/1.c037463,True,,,,,,,,
DLR,2024,2400.0,10.2514/1.c038119,True,,,,,,,,
DLR,2024,2318.68,10.2514/1.d0419,True,,,,,,,,
DLR,2024,2285.4,10.2514/1.j063426,True,,,,,,,,
DLR,2024,2400.0,10.2514/1.j064640,True,,,,,,,,
DLR,2024,1827.32,10.33012/navi.624,False,,,,,,,,
DLR,2024,1680.81,10.3389/ffutr.2024.1415375,False,,,,,,,,
DLR,2024,2545.03,10.3389/fmars.2023.1158524,False,,,,,,,,
DLR,2024,2604.7,10.3389/fpsyg.2024.1444276,False,,,,,,,,
DLR,2024,1655.1,10.3389/fpubh.2024.1367324,False,,,,,,,,
DLR,2024,1015.79,10.3389/frevc.2024.1398358,False,,,,,,,,
DLR,2024,1676.96,10.3389/frobt.2024.1351932,False,,,,,,,,
DLR,2024,1680.81,10.3389/frobt.2024.1402846,False,,,,,,,,
DLR,2024,1680.81,10.3389/frobt.2024.1416360,False,,,,,,,,
DLR,2024,616.59,10.3389/frsc.2024.1404105,False,,,,,,,,
DLR,2024,1676.96,10.3389/frspt.2023.1328341,False,,,,,,,,
DLR,2024,1676.96,10.3389/frspt.2024.1352213,False,,,,,,,,
DLR,2024,1676.96,10.3389/frspt.2024.1366591,False,,,,,,,,
DLR,2024,1680.81,10.3389/fspas.2024.1422898,False,,,,,,,,
DLR,2024,1680.81,10.3389/fspas.2024.1498910,False,,,,,,,,
DLR,2024,1659.99,10.3390/aerospace11030177,False,,,,,,,,
DLR,2024,2129.79,10.3390/aerospace11030178,False,,,,,,,,
DLR,2024,2096.05,10.3390/aerospace11030204,False,,,,,,,,
DLR,2024,2096.05,10.3390/aerospace11040259,False,,,,,,,,
DLR,2024,2096.05,10.3390/aerospace11040279,False,,,,,,,,
DLR,2024,2101.21,10.3390/aerospace11050357,False,,,,,,,,
DLR,2024,2064.46,10.3390/aerospace11060429,False,,,,,,,,
DLR,2024,2111.32,10.3390/aerospace11060468,False,,,,,,,,
DLR,2024,2111.32,10.3390/aerospace11070534,False,,,,,,,,
DLR,2024,2177.82,10.3390/aerospace11070556,False,,,,,,,,
DLR,2024,867.05,10.3390/aerospace11070592,False,,,,,,,,
DLR,2024,2170.44,10.3390/aerospace11090723,False,,,,,,,,
DLR,2024,1861.36,10.3390/aerospace11100808,False,,,,,,,,
DLR,2024,2193.2,10.3390/aerospace11110934,False,,,,,,,,
DLR,2024,2193.2,10.3390/aerospace11120958,False,,,,,,,,
DLR,2024,2193.2,10.3390/aerospace11121001,False,,,,,,,,
DLR,2024,2176.72,10.3390/aerospace12010023,False,,,,,,,,
DLR,2024,2125.02,10.3390/app14062475,False,,,,,,,,
DLR,2024,2177.82,10.3390/app14146073,False,,,,,,,,
DLR,2024,2163.63,10.3390/app14198642,False,,,,,,,,
DLR,2024,873.36,10.3390/automation5010003,False,,,,,,,,
DLR,2024,2359.31,10.3390/buildings14072183,False,,,,,,,,
DLR,2024,2270.72,10.3390/drones8030107,False,,,,,,,,
DLR,2024,1526.61,10.3390/e26080703,False,,,,,,,,
DLR,2024,2172.14,10.3390/electronics13203983,False,,,,,,,,
DLR,2024,2176.72,10.3390/electronics13244914,False,,,,,,,,
DLR,2024,2364.31,10.3390/en17010250,False,,,,,,,,
DLR,2024,2364.31,10.3390/en17020350,False,,,,,,,,
DLR,2024,2364.31,10.3390/en17030688,False,,,,,,,,
DLR,2024,2307.27,10.3390/en17040774,False,,,,,,,,
DLR,2024,2307.27,10.3390/en17050999,False,,,,,,,,
DLR,2024,2359.31,10.3390/en17153802,False,,,,,,,,
DLR,2024,2351.3,10.3390/en17164092,False,,,,,,,,
DLR,2024,2343.94,10.3390/en17194770,False,,,,,,,,
DLR,2024,2343.94,10.3390/en17194878,False,,,,,,,,
DLR,2024,2375.97,10.3390/en17225781,False,,,,,,,,
DLR,2024,2304.76,10.3390/en17246218,False,,,,,,,,
DLR,2024,2358.11,10.3390/en17246355,False,,,,,,,,
DLR,2024,2111.32,10.3390/fire7060207,False,,,,,,,,
DLR,2024,2530.13,10.3390/ijms25021010,False,,,,,,,,
DLR,2024,2371.0,10.3390/ijms25084495,False,,,,,,,,
DLR,2024,2026.56,10.3390/ijms252312590,False,,,,,,,,
DLR,2024,307.26,10.3390/ijtpp9020017,False,,,,,,,,
DLR,2024,1454.96,10.3390/jcs8020077,False,,,,,,,,
DLR,2024,1572.04,10.3390/jcs8040131,False,,,,,,,,
DLR,2024,1633.37,10.3390/jcs8070278,False,,,,,,,,
DLR,2024,1632.55,10.3390/jcs9010012,False,,,,,,,,
DLR,2024,1622.34,10.3390/jimaging10100259,False,,,,,,,,
DLR,2024,1633.37,10.3390/jmmp8040147,False,,,,,,,,
DLR,2024,2258.21,10.3390/ma17112738,False,,,,,,,,
DLR,2024,2351.3,10.3390/ma17174399,False,,,,,,,,
DLR,2024,1816.92,10.3390/met14111304,False,,,,,,,,
DLR,2024,2358.11,10.3390/met14121463,False,,,,,,,,
DLR,2024,1861.36,10.3390/polym16192806,False,,,,,,,,
DLR,2024,1409.34,10.3390/rs15184500,False,,,,,,,,
DLR,2024,2358.06,10.3390/rs16061085,False,,,,,,,,
DLR,2024,2350.51,10.3390/rs16101675,False,,,,,,,,
DLR,2024,2345.07,10.3390/rs16101805,False,,,,,,,,
DLR,2024,2293.97,10.3390/rs16111932,False,,,,,,,,
DLR,2024,2191.79,10.3390/rs16122146,False,,,,,,,,
DLR,2024,2375.23,10.3390/rs16122224,False,,,,,,,,
DLR,2024,2450.05,10.3390/rs16142617,False,,,,,,,,
DLR,2024,2448.81,10.3390/rs17010001,False,,,,,,,,
DLR,2024,2016.67,10.3390/rs17010149,False,,,,,,,,
DLR,2024,2307.27,10.3390/s24041144,False,,,,,,,,
DLR,2024,2287.27,10.3390/w16131902,False,,,,,,,,
DLR,2024,1605.0,10.3790/verw.2024.344566,True,,,,,,,,
DLR,2024,826.45,10.3846/jcem.2024.20924,False,,,,,,,,
DLR,2024,2686.38,10.3847/1538-3881/ad7fe8,False,,,,,,,,
DLR,2024,2087.81,10.3847/psj/ad7a01,False,,,,,,,,
DLR,2024,1855.0,10.4050/jahs.69.022009,True,,,,,,,,
DLR,2024,1806.85,10.4050/jahs.69.042009,True,,,,,,,,
DLR,2024,1425.0,10.5194/acp-24-11255-2024,False,,,,,,,,
DLR,2024,1440.0,10.5194/acp-24-11807-2024,False,,,,,,,,
DLR,2024,2100.0,10.5194/acp-24-12079-2024,False,,,,,,,,
DLR,2024,1890.0,10.5194/acp-24-12727-2024,False,,,,,,,,
DLR,2024,1575.0,10.5194/acp-24-13503-2024,False,,,,,,,,
DLR,2024,1200.0,10.5194/acp-24-14029-2024,False,,,,,,,,
DLR,2024,1425.0,10.5194/acp-24-1587-2024,False,,,,,,,,
DLR,2024,1950.0,10.5194/acp-24-2319-2024,False,,,,,,,,
DLR,2024,1800.0,10.5194/acp-24-3217-2024,False,,,,,,,,
DLR,2024,1725.0,10.5194/acp-24-4193-2024,False,,,,,,,,
DLR,2024,1530.0,10.5194/acp-24-5971-2024,False,,,,,,,,
DLR,2024,1440.0,10.5194/acp-24-7559-2024,False,,,,,,,,
DLR,2024,1125.0,10.5194/acp-24-7911-2024,False,,,,,,,,
DLR,2024,1500.0,10.5194/acp-25-1253-2025,False,,,,,,,,
DLR,2024,1050.0,10.5194/acp-25-383-2025,False,,,,,,,,
DLR,2024,1425.0,10.5194/amt-17-3863-2024,False,,,,,,,,
DLR,2024,1875.0,10.5194/amt-17-4015-2024,False,,,,,,,,
DLR,2024,1125.0,10.5194/amt-17-4659-2024,False,,,,,,,,
DLR,2024,1125.0,10.5194/amt-17-4941-2024,False,,,,,,,,
DLR,2024,1875.0,10.5194/amt-17-5161-2024,False,,,,,,,,
DLR,2024,2610.0,10.5194/amt-17-6163-202,False,,,,,,,,
DLR,2024,2610.0,10.5194/amt-17-6163-2024,False,,,,,,,,
DLR,2024,1725.0,10.5194/amt-17-6345-2024,False,,,,,,,,
DLR,2024,900.0,10.5194/amt-17-6569-2024,False,,,,,,,,
DLR,2024,990.0,10.5194/angeo-43-55-2025,False,,,,,,,,
DLR,2024,1275.0,10.5194/angeo-43-73-2025,False,,,,,,,,
DLR,2024,1600.0,10.5194/cp-21-161-2025,False,,,,,,,,
DLR,2024,1575.0,10.5194/egusphere-2023-528,False,,,,,,,,
DLR,2024,1400.0,10.5194/essd-16-3001-2024,False,,,,,,,,
DLR,2024,1600.0,10.5194/gmd-17-5821-2024,False,,,,,,,,
DLR,2024,1600.0,10.5194/gmd-18-1001-2025,False,,,,,,,,
DLR,2024,1260.0,10.5194/nhess-24-1051-2024,False,,,,,,,,
DLR,2024,2700.0,10.5194/nhess-24-4631-2024,False,,,,,,,,
DLR,2024,1425.0,10.5194/tc-18-1085-2024,False,,,,,,,,
DLR,2024,1200.0,10.5194/tc-18-2207-2024,False,,,,,,,,
DLR,2024,1173.0,10.5194/wes-9-1465-2024,False,,,,,,,,
DLR,2024,1173.0,10.5194/wes-9-1747-2024,False,,,,,,,,
DLR,2024,781.76,10.5334/dsj-2024-048,False,,,,,,,,
