"institution",period,euro,"doi","is_hybrid","publisher","journal_full_title","issn","issn_print","issn_electronic","issn_l","license_ref","indexed_in_crossref","pmid","pmcid","ut","url","doaj"
"OpenAIRE",2015,1033.06,"10.1371/journal.pntd.0003933",FALSE,"Public Library of Science (PLoS)","PLOS Neglected Tropical Diseases","1935-2735",NA,"1935-2735","1935-2727","http://creativecommons.org/licenses/by/4.0/",TRUE,"26273826","PMC4537280","ut:000360708200036",NA,TRUE
"University of Glasgow",2016,872.08,"10.1371/journal.pntd.0003933",FALSE,"Public Library of Science (PLoS)","PLOS Neglected Tropical Diseases","1935-2735",NA,"1935-2735","1935-2727","http://creativecommons.org/licenses/by/4.0/",TRUE,"26273826","PMC4537280","ut:000360708200036",NA,TRUE
"OpenAIRE",2015,2000,"10.1038/ncomms10105",FALSE,"Springer Nature","Nature Communications","2041-1723",NA,"2041-1723","2041-1723",NA,TRUE,"26670742","PMC4703840","ut:000367569800011",NA,TRUE
"Imperial College London",2015,1969.28,"10.1038/ncomms10105",FALSE,"Springer Nature","Nature Communications","2041-1723",NA,"2041-1723","2041-1723","CC BY",TRUE,"26670742","PMC4703840","ut:000367569800011",NA,TRUE
"University of Oxford",2016,362.42,"10.1038/srep25902",FALSE,"Springer Nature","Scientific Reports","2045-2322",NA,"2045-2322","2045-2322","http://www.springer.com/tdm",TRUE,"27194601","PMC4872135","ut:000376133800001",NA,TRUE
"Swiss National Science Foundation (SNSF)",2016,351.18,"10.1038/srep25902",FALSE,"Springer Nature","Scientific Reports","2045-2322",NA,"2045-2322","2045-2322","http://www.springer.com/tdm",TRUE,"27194601","PMC4872135","ut:000376133800001",NA,TRUE
"JGU Mainz",2017,1110.66,"10.1038/oncsis.2017.23",FALSE,"Springer Nature","Oncogenesis","2157-9024",NA,"2157-9024","2157-9024",NA,TRUE,"28553931","PMC5523058","ut:000406046800001",NA,TRUE
"FWF - Austrian Science Fund",2017,1120,"10.1038/oncsis.2017.23",FALSE,"Springer Nature","Oncogenesis","2157-9024",NA,"2157-9024","2157-9024",NA,TRUE,"28553931","PMC5523058","ut:000406046800001",NA,TRUE
"University of York",2017,1120,"10.1038/oncsis.2017.23",FALSE,"Springer Nature","Oncogenesis","2157-9024",NA,"2157-9024","2157-9024",NA,TRUE,"28553931","PMC5523058","ut:000406046800001",NA,TRUE
"Tuebingen U",2017,1552.95,"10.1038/s41598-017-09133-0",FALSE,"Springer Nature","Scientific Reports","2045-2322",NA,"2045-2322","2045-2322","http://creativecommons.org/licenses/by/4.0",TRUE,"28827543","PMC5566328","ut:000408107000073",NA,TRUE
"Leibniz-Fonds",2017,1552.95,"10.1038/s41598-017-09133-0",FALSE,"Springer Nature","Scientific Reports","2045-2322",NA,"2045-2322","2045-2322","http://creativecommons.org/licenses/by/4.0",TRUE,"28827543","PMC5566328","ut:000408107000073",NA,TRUE
"Marburg U",2018,722.75,"10.1371/journal.pone.0191019",FALSE,"Public Library of Science (PLoS)","PLOS ONE","1932-6203",NA,"1932-6203","1932-6203","http://creativecommons.org/licenses/by/4.0/",TRUE,"29420557","PMC5805169","ut:000424517900009",NA,TRUE
"Bayreuth U",2018,726.91,"10.1371/journal.pone.0191019",FALSE,"Public Library of Science (PLoS)","PLOS ONE","1932-6203",NA,"1932-6203","1932-6203","http://creativecommons.org/licenses/by/4.0/",TRUE,"29420557","PMC5805169","ut:000424517900009",NA,TRUE
"Erlangen Nuernberg U",2018,593.94,"10.1177/2053951718790591",FALSE,"SAGE Publications","Big Data & Society","2053-9517","2053-9517","2053-9517","2053-9517","http://journals.sagepub.com/page/policies/text-and-data-mining-license",TRUE,NA,NA,"ut:000440433700001",NA,TRUE
"Frankfurt U",2018,221.39,"10.1177/2053951718790591",FALSE,"SAGE Publications","Big Data & Society","2053-9517","2053-9517","2053-9517","2053-9517","http://journals.sagepub.com/page/policies/text-and-data-mining-license",TRUE,NA,NA,"ut:000440433700001",NA,TRUE
"CNRS",2017,368.72,"10.1371/journal.pone.0178437",FALSE,"Public Library of Science (PLoS)","PLOS ONE","1932-6203",NA,"1932-6203","1932-6203","http://creativecommons.org/licenses/by/4.0/",TRUE,"28570583","PMC5453534","ut:000402611800054",NA,TRUE
"Commissariat à l'énergie atomique et aux énergies alternatives (CEA)",2017,604.29,"10.1371/journal.pone.0178437",FALSE,"Public Library of Science (PLoS)","PLOS ONE","1932-6203",NA,"1932-6203","1932-6203","http://creativecommons.org/licenses/by/4.0/",TRUE,"28570583","PMC5453534","ut:000402611800054",NA,TRUE
"GFZ-Potsdam",2019,553.35,"10.5194/esurf-7-609-2019",FALSE,"Copernicus GmbH","Earth Surface Dynamics","2196-632X",NA,"2196-632X","2196-632X","https://creativecommons.org/licenses/by/4.0/",TRUE,NA,NA,"ut:000491892100001",NA,TRUE
"Potsdam U",2019,1992.06,"10.5194/esurf-7-609-2019",FALSE,"Copernicus GmbH","Earth Surface Dynamics","2196-632X",NA,"2196-632X","2196-632X","https://creativecommons.org/licenses/by/4.0/",TRUE,NA,NA,"ut:000491892100001",NA,TRUE
"GFZ-Potsdam",2019,553.35,"10.5194/se-10-785-2019",FALSE,"Copernicus GmbH","Solid Earth","1869-9529",NA,"1869-9529","1869-9529","https://creativecommons.org/licenses/by/4.0/",TRUE,NA,NA,"ut:000471599500001",NA,TRUE
"Potsdam U",2019,1992.06,"10.5194/se-10-785-2019",FALSE,"Copernicus GmbH","Solid Earth","1869-9529",NA,"1869-9529","1869-9529","https://creativecommons.org/licenses/by/4.0/",TRUE,NA,NA,"ut:000471599500001",NA,TRUE
"Frankfurt U",2019,1992.06,"10.5194/acp-19-5269-2019",FALSE,"Copernicus GmbH","Atmospheric Chemistry and Physics","1680-7324",NA,"1680-7324","1680-7316","https://creativecommons.org/licenses/by/4.0/",TRUE,NA,NA,"ut:000465106700001",NA,TRUE
"DLR",2019,465,"10.5194/acp-19-5269-2019",FALSE,"Copernicus GmbH","Atmospheric Chemistry and Physics","1680-7324",NA,"1680-7324","1680-7316","https://creativecommons.org/licenses/by/4.0/",TRUE,NA,NA,NA,NA,TRUE
"Muenchen LMU",2020,999.6,"10.3389/fmicb.2020.01592",FALSE,"Frontiers Media SA","Frontiers in Microbiology","1664-302X",NA,"1664-302X","1664-302X","https://creativecommons.org/licenses/by/4.0/",TRUE,"32754140","PMC7366825","ut:000555900500001",NA,TRUE
"Erlangen Nuernberg U",2020,999.6,"10.3389/fmicb.2020.01592",FALSE,"Frontiers Media SA","Frontiers in Microbiology","1664-302X",NA,"1664-302X","1664-302X","https://creativecommons.org/licenses/by/4.0/",TRUE,"32754140","PMC7366825","ut:000555900500001",NA,TRUE
"Münster U",2020,1693.6,"10.1038/s41467-020-17439-3",FALSE,"Springer Nature","Nature Communications","2041-1723",NA,"2041-1723","2041-1723","https://creativecommons.org/licenses/by/4.0",TRUE,"32681123","PMC7367875","ut:000552423000016",NA,TRUE
"Aix-Marseille Université",2020,1460,"10.1038/s41467-020-17439-3",FALSE,"Springer Nature","Nature Communications","2041-1723",NA,"2041-1723","2041-1723","https://creativecommons.org/licenses/by/4.0",TRUE,"32681123","PMC7367875","ut:000552423000016",NA,TRUE
"CIRAD",2021,1196.59,"10.3389/fevo.2021.599200",FALSE,"Frontiers Media SA","Frontiers in Ecology and Evolution","2296-701X",NA,"2296-701X","2296-701X","https://creativecommons.org/licenses/by/4.0/",TRUE,NA,NA,"ut:000729962300001",NA,TRUE
"University of Liège",2021,479.15,"10.3389/fevo.2021.599200",FALSE,"Frontiers Media SA","Frontiers in Ecology and Evolution","2296-701X",NA,"2296-701X","2296-701X","https://creativecommons.org/licenses/by/4.0/",TRUE,NA,NA,"ut:000729962300001",NA,TRUE
"Université Toulouse III - Paul Sabatier",2021,722.32,"10.3390/en14041111",FALSE,"MDPI AG","Energies","1996-1073",NA,"1996-1073","1996-1073","https://creativecommons.org/licenses/by/4.0/",TRUE,NA,NA,"ut:000623470400001",NA,TRUE
"Institut de recherche pour le développement (IRD)",2021,926.87,"10.3390/en14041111",FALSE,"MDPI AG","Energies","1996-1073",NA,"1996-1073","1996-1073","https://creativecommons.org/licenses/by/4.0/",TRUE,NA,NA,"ut:000623470400001",NA,TRUE
"Université Clermont Auvergne",2021,930,"10.5194/nhess-21-2355-2021",FALSE,"Copernicus GmbH","Natural Hazards and Earth System Sciences","1684-9981",NA,"1684-9981","1561-8633","https://creativecommons.org/licenses/by/4.0/",TRUE,NA,NA,"ut:000684059600001",NA,TRUE
"Institut de recherche pour le développement (IRD)",2021,1209,"10.5194/nhess-21-2355-2021",FALSE,"Copernicus GmbH","Natural Hazards and Earth System Sciences","1684-9981",NA,"1684-9981","1561-8633","https://creativecommons.org/licenses/by/4.0/",TRUE,NA,NA,"ut:000684059600001",NA,TRUE
"Wuerzburg U",2020,1656.17,"10.1371/journal.pone.0242677",FALSE,"Public Library of Science (PLoS)","PLOS ONE","1932-6203",NA,"1932-6203","1932-6203","http://creativecommons.org/licenses/by/4.0/",TRUE,"33296386","PMC7725318","ut:000598626100043",NA,TRUE
"FWF - Austrian Science Fund",2021,960.58,"10.1371/journal.pone.0242677",FALSE,"Public Library of Science (PLoS)","PLOS ONE","1932-6203",NA,"1932-6203","1932-6203","http://creativecommons.org/licenses/by/4.0/",TRUE,"33296386","PMC7725318","ut:000598626100043",NA,TRUE
"INSERM",2021,2265,"10.1038/s41467-021-26637-6",FALSE,"Springer Nature","Nature Communications","2041-1723",NA,"2041-1723","2041-1723","https://creativecommons.org/licenses/by/4.0",TRUE,"34737286","PMC8568944","ut:000714754400032",NA,TRUE
"Institut Pasteur",2021,2265,"10.1038/s41467-021-26637-6",FALSE,"Springer Nature","Nature Communications","2041-1723",NA,"2041-1723","2041-1723","https://creativecommons.org/licenses/by/4.0",TRUE,"34737286","PMC8568944","ut:000714754400032",NA,TRUE
"INRAE",2018,1045,"10.1186/s12284-018-0209-2",FALSE,"Springer Nature","Rice","1939-8425","1939-8425","1939-8433","1939-8425","https://creativecommons.org/licenses/by/4.0",TRUE,"29651780","PMC5897272","ut:000430153000001",NA,TRUE
"CNRS",2018,1600,"10.1186/s12284-018-0209-2",FALSE,"Springer Nature","Rice","1939-8425","1939-8425","1939-8433","1939-8425","https://creativecommons.org/licenses/by/4.0",TRUE,"29651780","PMC5897272","ut:000430153000001",NA,TRUE
"Université de Rennes 1",2018,836.53,"10.3390/polym10050533",FALSE,"MDPI AG","Polymers","2073-4360",NA,"2073-4360","2073-4360","https://creativecommons.org/licenses/by/4.0/",TRUE,"30966567","PMC6415406","ut:000435199300071",NA,TRUE
"CNRS",2018,418.27,"10.3390/polym10050533",FALSE,"MDPI AG","Polymers","2073-4360",NA,"2073-4360","2073-4360","https://creativecommons.org/licenses/by/4.0/",TRUE,"30966567","PMC6415406","ut:000435199300071",NA,TRUE
"Université de Rennes 1",2018,2600,"10.1038/s41467-018-05921-y",FALSE,"Springer Nature","Nature Communications","2041-1723",NA,"2041-1723","2041-1723","https://creativecommons.org/licenses/by/4.0",TRUE,"30139937","PMC6107634","ut:000442521500009",NA,TRUE
"CNRS",2018,1250,"10.1038/s41467-018-05921-y",FALSE,"Springer Nature","Nature Communications","2041-1723",NA,"2041-1723","2041-1723","https://creativecommons.org/licenses/by/4.0",TRUE,"30139937","PMC6107634","ut:000442521500009",NA,TRUE
"Université de Montpellier",2018,1463,"10.1093/gbe/evy120",FALSE,"Oxford University Press (OUP)","Genome Biology and Evolution","1759-6653",NA,"1759-6653","1759-6653","http://creativecommons.org/licenses/by-nc/4.0/",TRUE,"29931241","PMC6127110","ut:000446102700006",NA,TRUE
"CNRS",2018,1463,"10.1093/gbe/evy120",FALSE,"Oxford University Press (OUP)","Genome Biology and Evolution","1759-6653",NA,"1759-6653","1759-6653","http://creativecommons.org/licenses/by-nc/4.0/",TRUE,"29931241","PMC6127110","ut:000446102700006",NA,TRUE
"INSERM",2018,750,"10.1371/journal.pgen.1007627",FALSE,"Public Library of Science (PLoS)","PLOS Genetics","1553-7404",NA,"1553-7404","1553-7390","http://creativecommons.org/licenses/by/4.0/",TRUE,"30199545","PMC6147681","ut:000446157400018",NA,TRUE
"CNRS",2018,645,"10.1371/journal.pgen.1007627",FALSE,"Public Library of Science (PLoS)","PLOS Genetics","1553-7404",NA,"1553-7404","1553-7390","http://creativecommons.org/licenses/by/4.0/",TRUE,"30199545","PMC6147681","ut:000446157400018",NA,TRUE
"Institut de recherche pour le développement (IRD)",2018,472.5,"10.5194/bg-15-297-2018",FALSE,"Copernicus GmbH","Biogeosciences","1726-4189",NA,"1726-4189","1726-4170","https://creativecommons.org/licenses/by/3.0/",TRUE,NA,NA,"ut:000419990100001",NA,TRUE
"CNRS",2018,472.5,"10.5194/bg-15-297-2018",FALSE,"Copernicus GmbH","Biogeosciences","1726-4189",NA,"1726-4189","1726-4170","https://creativecommons.org/licenses/by/3.0/",TRUE,NA,NA,"ut:000419990100001",NA,TRUE
"Commissariat à l'énergie atomique et aux énergies alternatives (CEA)",2018,925,"10.1038/s41467-018-03559-4",FALSE,"Springer Nature","Nature Communications","2041-1723",NA,"2041-1723","2041-1723","https://creativecommons.org/licenses/by/4.0",TRUE,"29593272","PMC5871842","ut:000428520600008",NA,TRUE
"CNRS",2018,925,"10.1038/s41467-018-03559-4",FALSE,"Springer Nature","Nature Communications","2041-1723",NA,"2041-1723","2041-1723","https://creativecommons.org/licenses/by/4.0",TRUE,"29593272","PMC5871842","ut:000428520600008",NA,TRUE
"Université de Bourgogne",2018,435,"10.1038/s41598-018-20983-0",FALSE,"Springer Nature","Scientific Reports","2045-2322",NA,"2045-2322","2045-2322","http://creativecommons.org/licenses/by/4.0",TRUE,"29467396","PMC5821829","ut:000425590600060",NA,TRUE
"CNRS",2018,435,"10.1038/s41598-018-20983-0",FALSE,"Springer Nature","Scientific Reports","2045-2322",NA,"2045-2322","2045-2322","https://creativecommons.org/licenses/by/4.0",TRUE,"29467396","PMC5821829","ut:000425590600060",NA,TRUE
"Institut Pasteur",2021,1073.43,"10.7554/elife.65954",FALSE,"eLife Sciences Publications, Ltd","eLife","2050-084X",NA,"2050-084X","2050-084X","http://creativecommons.org/licenses/by/4.0/",TRUE,"34730085","PMC8565927",NA,NA,TRUE
"Sorbonne Université",2021,1059.31,"10.7554/elife.65954",FALSE,"eLife Sciences Publications, Ltd","eLife","2050-084X",NA,"2050-084X","2050-084X","http://creativecommons.org/licenses/by/4.0/",TRUE,"34730085","PMC8565927",NA,NA,TRUE
"Université de Bourgogne",2021,1076.24,"10.3389/feart.2021.703282",FALSE,"Frontiers Media SA","Frontiers in Earth Science","2296-6463",NA,"2296-6463","2296-6463","https://creativecommons.org/licenses/by/4.0/",TRUE,NA,NA,"ut:000693453400001",NA,TRUE
"Sorbonne Université",2021,1118.8,"10.3389/feart.2021.703282",FALSE,"Frontiers Media SA","Frontiers in Earth Science","2296-6463",NA,"2296-6463","2296-6463","https://creativecommons.org/licenses/by/4.0/",TRUE,NA,NA,"ut:000693453400001",NA,TRUE
"ANSES",2021,901.71,"10.3390/ijms222111613",FALSE,"MDPI AG","International Journal of Molecular Sciences","1422-0067",NA,"1422-0067","1422-0067","https://creativecommons.org/licenses/by/4.0/",TRUE,"34769043","PMC8584077","ut:000726590000001",NA,TRUE
"ENS de Lyon",2021,901.71,"10.3390/ijms222111613",FALSE,"MDPI AG","International Journal of Molecular Sciences","1422-0067",NA,"1422-0067","1422-0067","https://creativecommons.org/licenses/by/4.0/",TRUE,"34769043","PMC8584077","ut:000726590000001",NA,TRUE
"INRAE",2021,450.85,"10.3390/pathogens10091164",FALSE,"MDPI AG","Pathogens","2076-0817",NA,"2076-0817","2076-0817","https://creativecommons.org/licenses/by/4.0/",TRUE,"34578197","PMC8472060","ut:000701898700001",NA,TRUE
"ANSES",2021,450.86,"10.3390/pathogens10091164",FALSE,"MDPI AG","Pathogens","2076-0817",NA,"2076-0817","2076-0817","https://creativecommons.org/licenses/by/4.0/",TRUE,"34578197","PMC8472060","ut:000701898700001",NA,TRUE
"DESY",2019,1250.59,"10.1103/physrevx.9.011025",FALSE,"American Physical Society (APS)","Physical Review X","2160-3308",NA,"2160-3308","2160-3308","https://creativecommons.org/licenses/by/4.0/",TRUE,NA,NA,NA,"oai:bib-pubdb1.desy.de:419044",TRUE
"Potsdam U",2019,1579.64,"10.1103/physrevx.9.011025",FALSE,"American Physical Society (APS)","Physical Review X","2160-3308",NA,"2160-3308","2160-3308","https://creativecommons.org/licenses/by/4.0/",TRUE,NA,NA,"ut:000458144400002",NA,TRUE
"INRAE",2021,1570,"10.3389/fevo.2021.626752",FALSE,"Frontiers Media SA","Frontiers in Ecology and Evolution","2296-701X",NA,"2296-701X","2296-701X","https://creativecommons.org/licenses/by/4.0/",TRUE,NA,NA,"ut:000625142800001",NA,TRUE
"University of Oulu",2021,414.52,"10.3389/fevo.2021.626752",FALSE,"Frontiers Media SA","Frontiers in Ecology and Evolution","2296-701X",NA,"2296-701X","2296-701X","https://creativecommons.org/licenses/by/4.0/",TRUE,NA,NA,"ut:000625142800001",NA,TRUE
"INRAE",2021,333.24,"10.3390/antiox10020330",FALSE,"MDPI AG","Antioxidants","2076-3921",NA,"2076-3921","2076-3921","https://creativecommons.org/licenses/by/4.0/",TRUE,"33672283","PMC7926721","ut:000622057400001",NA,TRUE
"Milano U",2021,333,"10.3390/antiox10020330",FALSE,"MDPI AG","Antioxidants","2076-3921",NA,"2076-3921","2076-3921","https://creativecommons.org/licenses/by/4.0/",TRUE,"33672283","PMC7926721","ut:000622057400001",NA,TRUE
"Charles University",2021,379.46,"10.1098/rstb.2020.0426",TRUE,"The Royal Society","Philosophical Transactions of the Royal Society B: Biological Sciences","0962-8436","0962-8436","1471-2970","0962-8436","https://royalsociety.org/journals/ethics-policies/data-sharing-mining/",TRUE,"34247497","PMC8293304","ut:000674363600008",NA,FALSE
"Uppsala University",2021,156.81,"10.1098/rstb.2020.0426",TRUE,"The Royal Society","Philosophical Transactions of the Royal Society B: Biological Sciences","0962-8436","0962-8436","1471-2970","0962-8436","https://royalsociety.org/journals/ethics-policies/data-sharing-mining/",TRUE,"34247497","PMC8293304","ut:000674363600008",NA,FALSE
"Aix-Marseille Université",2022,413.54,"10.1016/j.nmni.2021.100890",FALSE,"Elsevier BV","New Microbes and New Infections","2052-2975","2052-2975",NA,"2052-2975","http://creativecommons.org/licenses/by-nc-nd/4.0/",TRUE,"34258018","PMC8255231","ut:000679975200004",NA,TRUE
"Institut de recherche pour le développement (IRD)",2021,465,"10.1016/j.nmni.2021.100890",FALSE,"Elsevier BV","New Microbes and New Infections","2052-2975","2052-2975",NA,"2052-2975","http://creativecommons.org/licenses/by-nc-nd/4.0/",TRUE,"34258018","PMC8255231","ut:000679975200004",NA,TRUE
"Aix-Marseille Université",2022,577.1,"10.3390/life11101100",FALSE,"MDPI AG","Life","2075-1729",NA,"2075-1729","2075-1729","https://creativecommons.org/licenses/by/4.0/",TRUE,"34685471","PMC8537405","ut:000715436700001",NA,TRUE
"Université de Toulon",2021,577.1,"10.3390/life11101100",FALSE,"MDPI AG","Life","2075-1729",NA,"2075-1729","2075-1729","https://creativecommons.org/licenses/by/4.0/",TRUE,"34685471","PMC8537405","ut:000715436700001",NA,TRUE
"CNRS",2017,450,"10.5194/tc-11-971-2017",FALSE,"Copernicus GmbH","The Cryosphere","1994-0424",NA,"1994-0424","1994-0416","https://creativecommons.org/licenses/by/3.0/",TRUE,NA,NA,"ut:000399757900002",NA,TRUE
"Institut de recherche pour le développement (IRD)",2018,825,"10.5194/tc-11-971-2017",FALSE,"Copernicus GmbH","The Cryosphere","1994-0424",NA,"1994-0424","1994-0416","https://creativecommons.org/licenses/by/3.0/",TRUE,NA,NA,"ut:000399757900002",NA,TRUE
"CNRS",2017,348.23,"10.1128/genomea.01604-16",FALSE,"American Society for Microbiology","Genome Announcements","2169-8287",NA,"2169-8287","2169-8287",NA,TRUE,"28209822","PMC5313614","ut:000460681200013",NA,FALSE
"Université de Bretagne Occidentale",2017,333,"10.1128/genomea.01604-16",FALSE,"American Society for Microbiology","Genome Announcements","2169-8287",NA,"2169-8287","2169-8287","http://creativecommons.org/licenses/by/4.0/",TRUE,"28209822","PMC5313614",NA,NA,FALSE
"CNRS",2017,2777.8,"10.3389/feart.2017.00112",FALSE,"Frontiers Media SA","Frontiers in Earth Science","2296-6463",NA,"2296-6463","2296-6463","https://creativecommons.org/licenses/by/4.0/",TRUE,NA,NA,"ut:000426113000001",NA,TRUE
"Sorbonne Université",2018,104.8,"10.3389/feart.2017.00112",FALSE,"Frontiers Media SA","Frontiers in Earth Science","2296-6463",NA,"2296-6463","2296-6463","https://creativecommons.org/licenses/by/4.0/",TRUE,NA,NA,"ut:000426113000001",NA,TRUE
"ONERA",2022,903.26,"10.3389/frsen.2022.935137",FALSE,"Frontiers Media SA","Frontiers in Remote Sensing","2673-6187",NA,"2673-6187","2673-6187","https://creativecommons.org/licenses/by/4.0/",TRUE,NA,NA,NA,NA,TRUE
"Université Savoie Mont Blanc",2022,950,"10.3389/frsen.2022.935137",FALSE,"Frontiers Media SA","Frontiers in Remote Sensing","2673-6187",NA,"2673-6187","2673-6187","https://creativecommons.org/licenses/by/4.0/",TRUE,NA,NA,NA,NA,TRUE
"Frankfurt U",2022,2011.87,"10.3389/fncir.2022.899370",FALSE,"Frontiers Media SA","Frontiers in Neural Circuits","1662-5110",NA,"1662-5110","1662-5110","https://creativecommons.org/licenses/by/4.0/",TRUE,"35664459","PMC9157489","ut:000805011100001",NA,TRUE
"Wuerzburg U",2022,1000,"10.3389/fncir.2022.899370",FALSE,"Frontiers Media SA","Frontiers in Neural Circuits","1662-5110",NA,"1662-5110","1662-5110","https://creativecommons.org/licenses/by/4.0/",TRUE,"35664459","PMC9157489",NA,NA,TRUE
"Université de Rennes 1",2022,821.24,"10.1371/journal.pone.0275332",FALSE,"Public Library of Science (PLoS)","PLOS ONE","1932-6203",NA,"1932-6203","1932-6203","http://creativecommons.org/licenses/by/4.0/",TRUE,"36194592","PMC9531789",NA,NA,TRUE
"Université de Rennes 2",2022,878.87,"10.1371/journal.pone.0275332",FALSE,"Public Library of Science (PLoS)","PLOS ONE","1932-6203",NA,"1932-6203","1932-6203","http://creativecommons.org/licenses/by/4.0/",TRUE,"36194592","PMC9531789","ut:000925052200025",NA,TRUE
"Université de Nantes",2022,561.37,"10.3389/fphys.2022.1026012",FALSE,"Frontiers Media SA","Frontiers in Physiology","1664-042X",NA,"1664-042X","1664-042X","https://creativecommons.org/licenses/by/4.0/",TRUE,"36388129","PMC9661393",NA,NA,TRUE
"Université de Toulon",2022,540.19,"10.3389/fphys.2022.1026012",FALSE,"Frontiers Media SA","Frontiers in Physiology","1664-042X",NA,"1664-042X","1664-042X","https://creativecommons.org/licenses/by/4.0/",TRUE,"36388129","PMC9661393",NA,NA,TRUE
"Université Clermont Auvergne",2022,531,"10.3389/fphys.2022.1026012",FALSE,"Frontiers Media SA","Frontiers in Physiology","1664-042X",NA,"1664-042X","1664-042X","https://creativecommons.org/licenses/by/4.0/",TRUE,"36388129","PMC9661393",NA,NA,TRUE
"Université d'Orléans",2022,908.81,"10.3390/md20100637",FALSE,"MDPI AG","Marine Drugs","1660-3397",NA,"1660-3397","1660-3397","https://creativecommons.org/licenses/by/4.0/",TRUE,"36286460","PMC9604632","ut:000875133000001",NA,TRUE
"Université de La Réunion",2022,908.82,"10.3390/md20100637",FALSE,"MDPI AG","Marine Drugs","1660-3397",NA,"1660-3397","1660-3397","https://creativecommons.org/licenses/by/4.0/",TRUE,"36286460","PMC9604632","ut:000875133000001",NA,TRUE
"Université de Reims Champagne Ardenne",2022,365.19,"10.3390/e24040437",FALSE,"MDPI AG","Entropy","1099-4300",NA,"1099-4300","1099-4300","https://creativecommons.org/licenses/by/4.0/",TRUE,"35455098","PMC9032546","ut:000785161400001",NA,TRUE
"Université de Lille",2022,365.19,"10.3390/e24040437",FALSE,"MDPI AG","Entropy","1099-4300",NA,"1099-4300","1099-4300","https://creativecommons.org/licenses/by/4.0/",TRUE,"35455098","PMC9032546",NA,NA,TRUE
"Heidelberg U",2022,1362.55,"10.1038/s43247-022-00368-y",FALSE,"Springer Nature","Communications Earth & Environment","2662-4435",NA,"2662-4435","2662-4435","https://creativecommons.org/licenses/by/4.0",TRUE,NA,NA,NA,NA,TRUE
"GFZ-Potsdam",2022,1145,"10.1038/s43247-022-00368-y",FALSE,"Springer Nature","Communications Earth & Environment","2662-4435",NA,"2662-4435","2662-4435","https://creativecommons.org/licenses/by/4.0",TRUE,NA,NA,NA,NA,TRUE
"Institut Pasteur",2022,2250,"10.1016/j.celrep.2022.110825",FALSE,"Elsevier BV","Cell Reports","2211-1247","2211-1247",NA,"2211-1247","http://creativecommons.org/licenses/by-nc-nd/4.0/",TRUE,"35584666",NA,NA,NA,TRUE
"INSERM - Institut National de la Santé et de la Recherche Médicale",2022,2250,"10.1016/j.celrep.2022.110825",FALSE,"Elsevier BV","Cell Reports","2211-1247","2211-1247",NA,"2211-1247","http://creativecommons.org/licenses/by-nc-nd/4.0/",TRUE,"35584666",NA,NA,NA,TRUE
"Sorbonne Université",2022,2445,"10.1038/s41467-022-31643-3",FALSE,"Springer Nature","Nature Communications","2041-1723",NA,"2041-1723","2041-1723","https://creativecommons.org/licenses/by/4.0",TRUE,"35821377","PMC9276797",NA,NA,TRUE
"INSERM - Institut National de la Santé et de la Recherche Médicale",2022,2445,"10.1038/s41467-022-31643-3",FALSE,"Springer Nature","Nature Communications","2041-1723",NA,"2041-1723","2041-1723","https://creativecommons.org/licenses/by/4.0",TRUE,"35821377","PMC9276797",NA,NA,TRUE
"Aalto University",2023,2610,"10.1126/sciadv.adg7541",FALSE,"American Association for the Advancement of Science (AAAS)","Science Advances","2375-2548",NA,"2375-2548","2375-2548",NA,TRUE,"37018399","PMC10075962",NA,NA,TRUE
"KIT",2023,933.27,"10.1126/sciadv.adg7541",FALSE,"American Association for the Advancement of Science (AAAS)","Science Advances","2375-2548",NA,"2375-2548","2375-2548",NA,TRUE,"37018399","PMC10075962",NA,NA,TRUE
"CNRS - Centre national de la recherche scientifique",2022,1457.15,"10.3389/fmicb.2022.963456",FALSE,"Frontiers Media SA","Frontiers in Microbiology","1664-302X",NA,"1664-302X","1664-302X","https://creativecommons.org/licenses/by/4.0/",TRUE,"36246274","PMC9556852",NA,NA,TRUE
"MNHN - Muséum National d'Histoire Naturelle",2022,1382.9,"10.3389/fmicb.2022.963456",FALSE,"Frontiers Media SA","Frontiers in Microbiology","1664-302X",NA,"1664-302X","1664-302X","https://creativecommons.org/licenses/by/4.0/",TRUE,"36246274","PMC9556852",NA,NA,TRUE
"CNRS - Centre national de la recherche scientifique",2022,870.09,"10.3389/frvir.2022.782564",FALSE,"Frontiers Media SA","Frontiers in Virtual Reality","2673-4192",NA,"2673-4192","2673-4192","https://creativecommons.org/licenses/by/4.0/",TRUE,NA,NA,NA,NA,TRUE
"Université Vincennes-Saint Denis - Paris VIII",2022,842.46,"10.3389/frvir.2022.782564",FALSE,"Frontiers Media SA","Frontiers in Virtual Reality","2673-4192",NA,"2673-4192","2673-4192","https://creativecommons.org/licenses/by/4.0/",TRUE,NA,NA,NA,NA,TRUE
"CNRS - Centre national de la recherche scientifique",2022,697.5,"10.1038/s42004-022-00702-7",FALSE,"Springer Nature","Communications Chemistry","2399-3669",NA,"2399-3669","2399-3669","https://creativecommons.org/licenses/by/4.0",TRUE,"35911504","PMC9311350",NA,NA,TRUE
"INSERM - Institut National de la Santé et de la Recherche Médicale",2022,752.5,"10.1038/s42004-022-00702-7",FALSE,"Springer Nature","Communications Chemistry","2399-3669",NA,"2399-3669","2399-3669","https://creativecommons.org/licenses/by/4.0",TRUE,"35911504","PMC9311350",NA,NA,TRUE
"CNRS - Centre national de la recherche scientifique",2022,2265,"10.1038/s41467-021-27534-8",FALSE,"Springer Nature","Nature Communications","2041-1723",NA,"2041-1723","2041-1723","https://creativecommons.org/licenses/by/4.0",TRUE,"34911962","PMC8674232",NA,NA,TRUE
"Université de Rennes",2022,2265,"10.1038/s41467-021-27534-8",FALSE,"Springer Nature","Nature Communications","2041-1723",NA,"2041-1723","2041-1723","https://creativecommons.org/licenses/by/4.0",TRUE,"34911962","PMC8674232",NA,NA,TRUE
"CNRS - Centre national de la recherche scientifique",2022,1000,"10.3390/rs14143243",FALSE,"MDPI AG","Remote Sensing","2072-4292",NA,"2072-4292","2072-4292","https://creativecommons.org/licenses/by/4.0/",TRUE,NA,NA,NA,NA,TRUE
"Université de Bretagne Occidentale - UBO",2022,1498.23,"10.3390/rs14143243",FALSE,"MDPI AG","Remote Sensing","2072-4292",NA,"2072-4292","2072-4292","https://creativecommons.org/licenses/by/4.0/",TRUE,NA,NA,NA,NA,TRUE
"Trier U",2023,977.76,"10.1371/journal.pone.0289341",FALSE,"Public Library of Science (PLoS)","PLOS ONE","1932-6203",NA,"1932-6203","1932-6203","http://creativecommons.org/licenses/by/4.0/",TRUE,"37527255","PMC10393126",NA,NA,TRUE
"Wuerzburg U",2023,979.6,"10.1371/journal.pone.0289341",FALSE,"Public Library of Science (PLoS)","PLOS ONE","1932-6203",NA,"1932-6203","1932-6203","http://creativecommons.org/licenses/by/4.0/",TRUE,"37527255","PMC10393126",NA,NA,TRUE
"CNRS - Centre national de la recherche scientifique",2022,1347.4,"10.3389/feart.2022.864760",FALSE,"Frontiers Media SA","Frontiers in Earth Science","2296-6463",NA,"2296-6463","2296-6463","https://creativecommons.org/licenses/by/4.0/",TRUE,NA,NA,NA,NA,TRUE
"Università degli Studi di Modena e Reggio Emilia",2022,1628.36,"10.3389/feart.2022.864760",FALSE,"Frontiers Media SA","Frontiers in Earth Science","2296-6463",NA,"2296-6463","2296-6463","https://creativecommons.org/licenses/by/4.0/",TRUE,NA,NA,NA,NA,TRUE
"Swiss National Science Foundation (SNSF)",2022,1690.54,"10.1038/s41398-022-01911-3",FALSE,"Springer Nature","Translational Psychiatry","2158-3188",NA,"2158-3188","2158-3188","https://creativecommons.org/licenses/by/4.0",TRUE,"35396373","PMC8990596","ut:000781340400001",NA,TRUE
"University of Zurich",2022,2000,"10.1038/s41398-022-01911-3",FALSE,"Springer Nature","Translational Psychiatry","2158-3188",NA,"2158-3188","2158-3188","https://creativecommons.org/licenses/by/4.0",TRUE,"35396373","PMC8990596",NA,NA,TRUE
"Université de Lorraine",2022,831,"10.3389/fmicb.2022.989580",FALSE,"Frontiers Media SA","Frontiers in Microbiology","1664-302X",NA,"1664-302X","1664-302X","https://creativecommons.org/licenses/by/4.0/",TRUE,"36187960","PMC9515648",NA,NA,TRUE
"INRAE - Institut national de recherche pour l’agriculture, l’alimentation et l’environnement",2023,962.08,"10.3389/fmicb.2022.989580",FALSE,"Frontiers Media SA","Frontiers in Microbiology","1664-302X",NA,"1664-302X","1664-302X","https://creativecommons.org/licenses/by/4.0/",TRUE,"36187960","PMC9515648",NA,NA,TRUE
"ENSTA Bretagne - Ecole nationale supérieure de techniques avancées - Bretagne",2023,432.82,"10.3390/jcs6040112",FALSE,"MDPI AG","Journal of Composites Science","2504-477X",NA,"2504-477X","2504-477X","https://creativecommons.org/licenses/by/4.0/",TRUE,NA,NA,NA,NA,TRUE
"VSB - Technical University of Ostrava",2022,523.71,"10.3390/jcs6040112",FALSE,"MDPI AG","Journal of Composites Science","2504-477X",NA,"2504-477X","2504-477X","https://creativecommons.org/licenses/by/4.0/",TRUE,NA,NA,"ut:000785198000001",NA,TRUE
"CNRS - Centre national de la recherche scientifique",2022,810,"10.3389/fpsyg.2022.958458",FALSE,"Frontiers Media SA","Frontiers in Psychology","1664-1078",NA,"1664-1078","1664-1078","https://creativecommons.org/licenses/by/4.0/",TRUE,"35967621","PMC9366850",NA,NA,TRUE
"Université de Picardie Jules Verne",2022,1051.2,"10.3389/fpsyg.2022.958458",FALSE,"Frontiers Media SA","Frontiers in Psychology","1664-1078",NA,"1664-1078","1664-1078","https://creativecommons.org/licenses/by/4.0/",TRUE,"35967621","PMC9366850",NA,NA,TRUE
"University of Helsinki",2023,4581.5,"10.1038/s41467-023-41219-4",FALSE,"Springer Nature","Nature Communications","2041-1723",NA,"2041-1723","2041-1723","https://creativecommons.org/licenses/by/4.0",TRUE,"37684244","PMC10491769",NA,NA,TRUE
"University of Bristol",2023,808.5,"10.1038/s41467-023-41219-4",FALSE,"Springer Nature","Nature Communications","2041-1723",NA,"2041-1723","2041-1723","https://creativecommons.org/licenses/by/4.0",TRUE,"37684244","PMC10491769",NA,NA,TRUE
"FZJ - ZB",2020,1329.29,"10.3390/rs12101624",FALSE,"MDPI AG","Remote Sensing","2072-4292",NA,"2072-4292","2072-4292","https://creativecommons.org/licenses/by/4.0/",TRUE,NA,NA,"ut:000543394800091",NA,TRUE
"University of Milano-Bicocca",2020,1632.56,"10.3390/rs12101624",FALSE,"MDPI AG","Remote Sensing","2072-4292",NA,"2072-4292","2072-4292","https://creativecommons.org/licenses/by/4.0/",TRUE,NA,NA,NA,NA,TRUE
"Università degli Studi di Modena e Reggio Emilia",2021,655.48,"10.3390/cancers13010119",FALSE,"MDPI AG","Cancers","2072-6694",NA,"2072-6694","2072-6694","https://creativecommons.org/licenses/by/4.0/",TRUE,"33401428","PMC7796318","ut:000605903300001",NA,TRUE
"University of Milano-Bicocca",2021,656.6,"10.3390/cancers13010119",FALSE,"MDPI AG","Cancers","2072-6694",NA,"2072-6694","2072-6694","https://creativecommons.org/licenses/by/4.0/",TRUE,"33401428","PMC7796318",NA,NA,FALSE
"Milano U",2022,1621.11,"10.3389/fphar.2022.759626",FALSE,"Frontiers Media SA","Frontiers in Pharmacology","1663-9812",NA,"1663-9812","1663-9812","https://creativecommons.org/licenses/by/4.0/",TRUE,"35370690","PMC8968915","ut:000778109200001",NA,TRUE
"University of Milano-Bicocca",2022,1082.71,"10.3389/fphar.2022.759626",FALSE,"Frontiers Media SA","Frontiers in Pharmacology","1663-9812",NA,"1663-9812","1663-9812","https://creativecommons.org/licenses/by/4.0/",TRUE,"35370690","PMC8968915",NA,NA,TRUE
"ENSTA Bretagne - Ecole nationale supérieure de techniques avancées - Bretagne",2023,428.67,"10.3390/electronics12112370",FALSE,"MDPI AG","Electronics","2079-9292",NA,"2079-9292","2079-9292","https://creativecommons.org/licenses/by/4.0/",TRUE,NA,NA,NA,NA,FALSE
"Université de Bretagne Occidentale - UBO",2023,600,"10.3390/electronics12112370",FALSE,"MDPI AG","Electronics","2079-9292",NA,"2079-9292","2079-9292","https://creativecommons.org/licenses/by/4.0/",TRUE,NA,NA,NA,NA,FALSE
"Université de Reims Champagne-Ardenne",2023,1263.92,"10.3390/ijms24054347",FALSE,"MDPI AG","International Journal of Molecular Sciences","1422-0067",NA,"1422-0067","1422-0067","https://creativecommons.org/licenses/by/4.0/",TRUE,"36901779","PMC10002048",NA,NA,TRUE
"Nantes Université",2023,1265,"10.3390/ijms24054347",FALSE,"MDPI AG","International Journal of Molecular Sciences","1422-0067",NA,"1422-0067","1422-0067","https://creativecommons.org/licenses/by/4.0/",TRUE,"36901779","PMC10002048",NA,NA,FALSE
"Université de Lille",2023,2408.11,"10.3389/fendo.2023.1178464",FALSE,"Frontiers Media SA","Frontiers in Endocrinology","1664-2392",NA,"1664-2392","1664-2392","https://creativecommons.org/licenses/by/4.0/",TRUE,"37404309","PMC10316646",NA,NA,TRUE
"Centre Hospitalier Universitaire de Lille",2023,568.26,"10.3389/fendo.2023.1178464",FALSE,"Frontiers Media SA","Frontiers in Endocrinology","1664-2392",NA,"1664-2392","1664-2392","https://creativecommons.org/licenses/by/4.0/",TRUE,"37404309","PMC10316646",NA,NA,TRUE
"Université Claude Bernard - Lyon I",2023,1626,"10.1038/s41598-023-42076-3",FALSE,"Springer Nature","Scientific Reports","2045-2322",NA,"2045-2322","2045-2322","https://creativecommons.org/licenses/by/4.0",TRUE,"37813946","PMC10562457",NA,NA,TRUE
"Université de Bourgogne",2023,945,"10.1038/s41598-023-42076-3",FALSE,"Springer Nature","Scientific Reports","2045-2322",NA,"2045-2322","2045-2322","https://creativecommons.org/licenses/by/4.0",TRUE,"37813946","PMC10562457",NA,NA,TRUE
"Freiburg U",2023,3646.66,"10.3389/fmed.2023.1231436",FALSE,"Frontiers Media SA","Frontiers in Medicine","2296-858X",NA,"2296-858X","2296-858X","https://creativecommons.org/licenses/by/4.0/",TRUE,"37928464","PMC10623307",NA,NA,TRUE
"MHB Fontane",2023,1641.64,"10.3389/fmed.2023.1231436",FALSE,"Frontiers Media SA","Frontiers in Medicine","2296-858X",NA,"2296-858X","2296-858X","https://creativecommons.org/licenses/by/4.0/",TRUE,"37928464","PMC10623307",NA,NA,TRUE
"CEA - Commissariat à l'énergie atomique et aux énergies alternatives",2023,1691.5,"10.1093/nar/gkad243",FALSE,"Oxford University Press (OUP)","Nucleic Acids Research","0305-1048","0305-1048","1362-4962","0305-1048","https://creativecommons.org/licenses/by-nc/4.0/",TRUE,"37021552","PMC10250219",NA,NA,TRUE
"Université de Rennes",2023,1691.5,"10.1093/nar/gkad243",FALSE,"Oxford University Press (OUP)","Nucleic Acids Research","0305-1048","0305-1048","1362-4962","0305-1048","https://creativecommons.org/licenses/by-nc/4.0/",TRUE,"37021552","PMC10250219",NA,NA,TRUE
"University of Liège",2023,3026.4,"10.3390/molecules28217302",FALSE,"MDPI AG","Molecules","1420-3049",NA,"1420-3049","1420-3049","https://creativecommons.org/licenses/by/4.0/",TRUE,"37959721","PMC10650712",NA,NA,TRUE
"Université de Picardie Jules Verne",2024,756.6,"10.3390/molecules28217302",FALSE,"MDPI AG","Molecules","1420-3049",NA,"1420-3049","1420-3049","https://creativecommons.org/licenses/by/4.0/",TRUE,"37959721","PMC10650712",NA,NA,TRUE
"Ecole polytechnique",2024,1835.8,"10.1093/pnasnexus/pgae256",FALSE,"Oxford University Press (OUP)","PNAS Nexus","2752-6542",NA,"2752-6542","2752-6542","https://creativecommons.org/licenses/by/4.0/",TRUE,"39010940","PMC11249074",NA,NA,TRUE
"INRIA - Institut National de Recherche en Informatique et en Automatique",2024,1837.57,"10.1093/pnasnexus/pgae256",FALSE,"Oxford University Press (OUP)","PNAS Nexus","2752-6542",NA,"2752-6542","2752-6542","https://creativecommons.org/licenses/by/4.0/",TRUE,"39010940","PMC11249074",NA,NA,TRUE
"Université Claude Bernard - Lyon I",2024,1964,"10.1126/sciadv.ado0668",FALSE,"American Association for the Advancement of Science (AAAS)","Science Advances","2375-2548",NA,"2375-2548","2375-2548",NA,TRUE,"38630815","PMC11023495",NA,NA,TRUE
"Lund University",2024,2052.75,"10.1126/sciadv.ado0668",FALSE,"American Association for the Advancement of Science (AAAS)","Science Advances","2375-2548",NA,"2375-2548","2375-2548",NA,TRUE,"38630815","PMC11023495",NA,NA,TRUE
